transaction_id,customer_id,amount,location,channel,time,merchant,device_id,is_international,previous_transaction_count,previous_fraud_flag,fraudulent
TXN00781,CUST6517,38777.82,Kano,POS,2024-06-12 06:44:39,GTBank,DEV875,0,35,0,0
TXN00151,CUST4333,263362.69,Lagos,POS,2024-12-19 09:59:19,Jumia,DEV999,0,25,0,0
TXN00885,CUST2871,262458.72,Port Harcourt,ATM,2024-08-08 10:49:03,Access Bank,DEV537,0,8,0,0
TXN00520,CUST2001,144289.1,Kaduna,Web,2024-02-24 18:03:37,Glo,DEV651,0,10,0,0
TXN00877,CUST1071,81522.93,Maiduguri,USSD,2024-05-20 10:28:49,Jumia,DEV119,0,43,0,0
TXN00634,CUST9999,132895.82,Kaduna,USSD,2024-04-15 02:07:57,Shoprite,DEV480,0,14,0,0
TXN00791,CUST6061,417314.86,Port Harcourt,Web,2024-03-24 05:45:47,Konga,DEV616,0,42,0,0
TXN00765,CUST8552,161337.44,Abuja,POS,2024-08-11 01:38:20,DSTV,DEV395,0,6,0,0
TXN00273,CUST2294,415933.35,Maiduguri,POS,2024-02-11 09:06:03,Filmhouse,DEV814,0,42,0,0
TXN00360,CUST5012,435132.59,Port Harcourt,USSD,2024-09-02 17:33:28,Shoprite,DEV951,0,25,1,0
TXN00306,CUST7171,5530.49,Kano,ATM,2024-11-08 02:55:24,Glo,DEV294,0,49,0,0
TXN00254,CUST7748,123264.19,Jos,Web,2024-12-26 19:55:38,Airtel,DEV223,0,39,0,0
TXN00174,CUST7524,81842.7,Maiduguri,Web,2024-03-21 19:08:53,Airtel,DEV251,0,48,0,0
TXN00983,CUST4788,212567.91,Abuja,Web,2024-07-01 05:10:54,Glo,DEV874,0,42,0,0
TXN00528,CUST6962,110493.62,Kano,Mobile App,2024-09-20 06:53:10,Access Bank,DEV652,0,32,0,0
TXN00272,CUST7663,249313.27,Benin City,ATM,2024-03-20 17:54:37,Jumia,DEV501,0,34,0,0
TXN00660,CUST5050,239979.99,Benin City,USSD,2024-09-14 09:02:38,Airtel,DEV665,0,15,1,0
TXN00751,CUST8577,141287.46,Port Harcourt,Mobile App,2024-12-06 22:05:21,GTBank,DEV329,0,39,0,0
TXN00682,CUST7997,399373.1,Kaduna,ATM,2024-05-31 21:34:39,Ebeano,DEV196,0,40,0,0
TXN00117,CUST1203,65364.2,Ibadan,ATM,2024-01-21 17:45:27,Filmhouse,DEV550,0,32,0,1
TXN00608,CUST8154,145816.71,Benin City,USSD,2024-04-06 00:24:24,Shoprite,DEV519,0,10,0,0
TXN00175,CUST5218,17449.22,Port Harcourt,Web,2024-09-28 21:40:11,Konga,DEV456,0,44,0,0
TXN00623,CUST3938,184489.24,Kano,Mobile App,2024-07-28 16:45:37,Glo,DEV702,0,36,0,0
TXN00554,CUST7624,306771.85,Abuja,ATM,2024-08-23 03:58:19,Jumia,DEV883,0,27,0,0
TXN00840,CUST8993,258899.99,Ibadan,USSD,2024-11-19 00:53:56,GTBank,DEV434,0,11,0,0
TXN00210,CUST4831,153908.0,Maiduguri,Web,2024-05-08 01:20:19,Access Bank,DEV320,0,24,0,0
TXN00268,CUST4282,416983.21,Kano,Mobile App,2024-01-05 02:40:14,Filmhouse,DEV337,0,9,0,0
TXN00256,CUST7149,254428.97,Ibadan,ATM,2024-06-08 14:43:11,DSTV,DEV169,0,0,1,0
TXN00584,CUST6144,48508.3,Maiduguri,Web,2024-07-20 12:40:57,Shoprite,DEV917,0,42,1,0
TXN00652,CUST9469,429322.71,Port Harcourt,Mobile App,2024-02-25 08:16:03,Ebeano,DEV283,0,17,0,0
TXN00398,CUST5550,308759.4,Kaduna,Web,2024-02-19 22:11:25,Konga,DEV841,0,28,0,0
TXN00333,CUST7357,226174.55,Ibadan,Mobile App,2024-05-20 23:57:58,MTN,DEV562,0,24,0,0
TXN00099,CUST1392,475886.69,Kaduna,POS,2024-02-25 11:21:16,Access Bank,DEV678,0,43,0,1
TXN00649,CUST6096,181726.4,Abuja,Mobile App,2024-08-28 02:29:27,Shoprite,DEV151,0,25,0,0
TXN00209,CUST8800,8636.77,Enugu,USSD,2024-12-21 22:35:06,MTN,DEV680,0,5,0,0
TXN00370,CUST7671,223743.12,Abuja,ATM,2024-02-21 14:00:06,Jumia,DEV604,0,2,0,0
TXN00170,CUST7389,325310.02,Abuja,Mobile App,2024-09-29 06:19:38,Ebeano,DEV299,0,26,0,0
TXN00743,CUST7912,319848.25,Benin City,Web,2024-10-23 15:03:25,Airtel,DEV947,0,8,0,0
TXN00446,CUST4209,450278.27,Enugu,USSD,2024-12-19 09:09:50,Access Bank,DEV221,0,4,0,0
TXN00375,CUST5654,266542.48,Kano,Web,2024-09-23 08:59:36,Jumia,DEV650,0,29,0,0
TXN00647,CUST7830,335286.49,Abuja,ATM,2024-01-04 05:39:42,Airtel,DEV132,0,38,0,0
TXN00062,CUST1287,390211.66,Maiduguri,Web,2024-08-15 02:00:36,Filmhouse,DEV501,0,31,0,1
TXN00433,CUST5636,307337.32,Ibadan,ATM,2024-11-13 19:06:57,Airtel,DEV457,1,4,0,0
TXN00929,CUST9325,263293.78,Ibadan,ATM,2024-01-14 14:27:51,Glo,DEV814,0,15,0,0
TXN00935,CUST4321,42736.9,Ibadan,USSD,2024-12-13 16:19:55,Ebeano,DEV392,0,21,0,0
TXN00361,CUST5172,268440.49,Ibadan,USSD,2024-06-04 17:20:41,Airtel,DEV876,0,49,0,0
TXN00059,CUST2216,308226.7,Kaduna,Mobile App,2024-05-23 11:01:52,Filmhouse,DEV245,0,4,0,1
TXN00992,CUST2954,58853.73,Enugu,Web,2024-07-18 00:24:24,Jumia,DEV807,0,28,0,0
TXN00827,CUST6359,387375.85,Jos,POS,2024-10-17 03:03:40,Jumia,DEV988,0,38,0,0
TXN00258,CUST9138,56116.38,Enugu,Mobile App,2024-02-16 20:00:12,Filmhouse,DEV389,0,27,0,0
TXN00610,CUST1283,139870.42,Lagos,USSD,2024-11-27 03:27:39,DSTV,DEV654,0,19,0,0
TXN00075,CUST8610,395128.8,Lagos,USSD,2024-11-09 03:30:12,GTBank,DEV521,0,24,1,1
TXN00577,CUST1808,298736.3,Lagos,USSD,2024-11-10 08:22:51,Jumia,DEV415,0,10,0,0
TXN00085,CUST1674,318801.61,Benin City,ATM,2024-09-01 02:42:07,MTN,DEV942,0,40,0,1
TXN00663,CUST3713,111634.3,Enugu,Mobile App,2024-10-22 21:12:01,Shoprite,DEV668,0,22,0,0
TXN00653,CUST6999,213373.48,Benin City,Mobile App,2024-12-29 17:32:59,MTN,DEV781,0,7,1,0
TXN00636,CUST6089,86520.22,Abuja,Web,2024-03-16 01:18:26,Konga,DEV511,0,16,0,0
TXN00967,CUST1839,338663.78,Abuja,Web,2024-03-05 11:05:57,Glo,DEV186,0,44,0,0
TXN00750,CUST3387,404304.5,Benin City,USSD,2024-01-25 19:26:39,DSTV,DEV796,0,4,0,0
TXN00670,CUST9298,380166.36,Abuja,ATM,2024-10-23 14:31:44,Glo,DEV357,0,43,1,0
TXN00539,CUST2982,45930.21,Jos,Mobile App,2024-03-24 00:13:16,Ebeano,DEV826,0,37,0,0
TXN00178,CUST2276,265956.82,Kaduna,Mobile App,2024-06-24 14:40:09,GTBank,DEV111,0,36,0,0
TXN00349,CUST7530,125881.4,Port Harcourt,USSD,2024-03-03 06:19:02,Access Bank,DEV382,0,31,0,0
TXN00848,CUST8139,112181.87,Ibadan,USSD,2024-09-08 03:38:45,Shoprite,DEV576,0,2,0,0
TXN00257,CUST8583,446837.61,Lagos,Mobile App,2024-03-01 12:05:30,Glo,DEV686,0,46,0,0
TXN00599,CUST6499,380332.69,Port Harcourt,USSD,2024-08-02 20:31:14,Glo,DEV117,0,33,0,0
TXN00356,CUST3627,205232.83,Abuja,POS,2024-06-04 10:58:22,Ebeano,DEV171,0,33,0,0
TXN00060,CUST1541,357896.28,Abuja,POS,2024-06-01 22:49:36,GTBank,DEV858,0,50,0,1
TXN00160,CUST9020,295546.57,Port Harcourt,POS,2024-07-16 03:22:03,Konga,DEV877,0,10,0,0
TXN00837,CUST4373,429122.08,Ibadan,Mobile App,2024-04-02 10:11:12,Glo,DEV279,0,8,0,0
TXN00595,CUST2274,233372.31,Jos,USSD,2024-01-11 21:17:53,GTBank,DEV632,0,25,1,0
TXN00054,CUST3557,205170.79,Lagos,Mobile App,2024-05-15 14:41:06,MTN,DEV853,0,35,1,1
TXN00802,CUST8171,305272.74,Enugu,ATM,2024-09-27 13:09:47,Shoprite,DEV791,0,12,0,0
TXN00506,CUST8077,129827.8,Ibadan,POS,2024-02-05 20:06:03,Shoprite,DEV800,0,45,0,0
TXN00353,CUST8508,301627.73,Maiduguri,POS,2024-09-10 22:31:59,Airtel,DEV242,0,8,0,0
TXN00473,CUST5144,189444.09,Kaduna,ATM,2024-09-11 04:58:16,Jumia,DEV649,0,37,0,0
TXN00790,CUST9853,8391.97,Kaduna,ATM,2024-03-28 13:38:19,DSTV,DEV327,0,22,0,0
TXN00427,CUST8939,192600.15,Port Harcourt,ATM,2024-10-10 12:39:25,Glo,DEV162,0,31,0,0
TXN00567,CUST1586,414680.99,Port Harcourt,USSD,2024-11-27 19:00:00,Ebeano,DEV818,0,1,1,0
TXN00149,CUST4924,149901.87,Kaduna,Mobile App,2024-04-22 21:30:08,Shoprite,DEV120,0,20,0,0
TXN00074,CUST6610,397617.06,Enugu,ATM,2024-05-01 08:22:03,Filmhouse,DEV964,0,2,1,1
TXN00659,CUST1411,172205.97,Kano,Web,2024-10-08 17:51:19,DSTV,DEV982,0,29,1,0
TXN00169,CUST4470,154092.84,Abuja,Web,2024-03-25 12:48:38,GTBank,DEV787,0,38,0,0
TXN00535,CUST5427,373457.27,Port Harcourt,Mobile App,2024-09-24 05:06:53,DSTV,DEV658,0,14,0,0
TXN00200,CUST8513,398822.55,Lagos,USSD,2024-09-04 06:11:23,Konga,DEV257,0,50,0,0
TXN00365,CUST6637,308512.91,Benin City,Mobile App,2024-05-18 13:52:33,Ebeano,DEV558,1,36,0,0
TXN00865,CUST7495,11910.83,Kaduna,ATM,2024-06-12 01:12:42,Jumia,DEV708,0,8,0,0
TXN00250,CUST4395,390873.7,Kano,Mobile App,2024-05-14 04:35:04,MTN,DEV701,0,48,0,0
TXN00914,CUST2190,47561.77,Jos,USSD,2024-03-08 20:40:57,Glo,DEV811,0,9,1,0
TXN00531,CUST9543,441483.57,Port Harcourt,USSD,2024-07-21 10:18:29,Airtel,DEV773,0,4,0,0
TXN00114,CUST1027,39933.18,Port Harcourt,ATM,2024-08-02 18:31:26,GTBank,DEV811,0,27,0,1
TXN00764,CUST2358,300788.6,Enugu,ATM,2024-03-05 17:58:05,DSTV,DEV388,0,21,0,0
TXN00987,CUST7773,107040.62,Maiduguri,POS,2024-04-13 05:10:48,Airtel,DEV721,0,25,0,0
TXN00278,CUST9479,295145.33,Port Harcourt,ATM,2024-01-15 18:54:06,Filmhouse,DEV252,0,26,0,0
TXN00055,CUST9439,205372.99,Benin City,POS,2024-12-20 02:14:17,Airtel,DEV333,0,10,0,1
TXN00969,CUST7970,334004.78,Kaduna,ATM,2024-09-05 10:15:26,Ebeano,DEV592,0,12,0,0
TXN00482,CUST4812,416942.44,Ibadan,USSD,2024-03-29 10:21:53,Konga,DEV938,0,38,0,0
TXN00847,CUST3636,368534.18,Kano,ATM,2024-03-27 19:12:42,DSTV,DEV723,1,5,0,0
TXN00417,CUST2499,448221.3,Abuja,POS,2024-01-27 08:55:11,MTN,DEV875,0,20,0,0
TXN00625,CUST9541,126861.06,Enugu,ATM,2024-06-19 19:57:53,DSTV,DEV540,0,48,0,0
TXN00271,CUST6598,253104.57,Ibadan,USSD,2024-12-23 13:40:49,Filmhouse,DEV158,0,45,0,0
TXN00600,CUST7827,207381.87,Benin City,USSD,2024-09-21 22:15:12,Ebeano,DEV146,0,40,0,0
TXN00444,CUST4820,458615.88,Ibadan,USSD,2024-08-29 20:27:29,Glo,DEV252,0,47,0,0
TXN00996,CUST2080,68657.75,Kaduna,ATM,2024-02-29 15:10:34,MTN,DEV930,0,11,0,0
TXN00483,CUST9860,268772.59,Benin City,USSD,2024-04-01 10:51:30,Airtel,DEV716,0,9,0,0
TXN00954,CUST3450,21767.87,Benin City,POS,2024-08-26 05:12:17,MTN,DEV751,0,0,0,0
TXN00253,CUST1225,422871.94,Enugu,Mobile App,2024-07-30 21:36:28,Airtel,DEV273,0,41,0,0
TXN00875,CUST6778,125452.78,Lagos,Mobile App,2024-01-22 21:38:59,Jumia,DEV645,0,31,0,0
TXN00855,CUST2557,266706.5,Jos,POS,2024-11-08 17:10:46,Jumia,DEV413,0,17,0,0
TXN00315,CUST7657,494111.51,Lagos,USSD,2024-07-27 08:19:50,Glo,DEV158,0,47,0,0
TXN00096,CUST2780,469776.35,Kano,Mobile App,2024-05-21 00:39:26,Airtel,DEV855,0,41,0,1
TXN00320,CUST2738,14117.45,Ibadan,USSD,2024-01-19 16:10:26,Konga,DEV286,0,2,0,0
TXN00150,CUST2889,61714.11,Port Harcourt,Web,2024-12-04 16:31:35,Airtel,DEV770,0,1,0,0
TXN00293,CUST8086,398792.73,Lagos,Web,2024-03-24 04:32:24,Ebeano,DEV868,0,36,0,0
TXN00061,CUST5116,491728.94,Maiduguri,ATM,2024-02-27 23:34:41,DSTV,DEV989,0,25,0,1
TXN00974,CUST4900,89288.94,Lagos,USSD,2024-06-17 19:54:02,Airtel,DEV957,0,48,0,0
TXN00140,CUST5448,411912.13,Jos,POS,2024-07-26 03:56:29,Jumia,DEV448,0,37,0,0
TXN00801,CUST9578,42688.75,Lagos,ATM,2024-09-11 19:21:27,Airtel,DEV596,0,50,0,0
TXN00246,CUST8206,119623.0,Kano,USSD,2024-04-02 16:49:15,Ebeano,DEV609,0,21,1,0
TXN00077,CUST2091,237998.67,Ibadan,USSD,2024-08-21 15:18:45,Ebeano,DEV254,0,15,0,1
TXN00662,CUST5415,393944.22,Maiduguri,Web,2024-03-01 15:09:14,Airtel,DEV598,0,14,0,0
TXN00995,CUST7695,487609.18,Kaduna,USSD,2024-10-13 12:45:42,Jumia,DEV891,0,8,0,0
TXN00172,CUST6920,141547.2,Maiduguri,ATM,2024-11-22 12:25:01,Jumia,DEV192,0,2,0,0
TXN00973,CUST9595,258724.89,Enugu,USSD,2024-06-09 21:13:03,Shoprite,DEV503,0,3,0,0
TXN00826,CUST4586,319899.33,Enugu,USSD,2024-08-19 17:28:05,Airtel,DEV865,0,42,0,0
TXN00900,CUST8449,312835.0,Port Harcourt,ATM,2024-06-13 21:11:32,MTN,DEV729,0,36,1,0
TXN00183,CUST6585,388948.62,Ibadan,USSD,2024-12-04 04:12:27,Filmhouse,DEV448,0,39,0,0
TXN00518,CUST8312,204472.23,Jos,USSD,2024-01-03 12:29:28,Airtel,DEV735,0,17,0,0
TXN00204,CUST1393,344068.54,Jos,Mobile App,2024-04-11 15:02:39,Shoprite,DEV324,0,7,1,0
TXN00050,CUST9589,71356.31,Benin City,ATM,2024-04-05 23:08:17,GTBank,DEV501,0,17,0,1
TXN00672,CUST5498,41385.65,Jos,Mobile App,2024-10-23 10:55:29,MTN,DEV741,0,1,0,0
TXN00607,CUST4035,280611.49,Enugu,USSD,2024-09-02 13:03:39,Access Bank,DEV815,0,19,0,0
TXN00919,CUST8884,339.85,Ibadan,ATM,2024-04-11 11:34:25,Ebeano,DEV285,0,4,0,0
TXN00102,CUST2718,296207.03,Enugu,POS,2024-09-17 05:07:54,Konga,DEV256,0,48,0,1
TXN00081,CUST1676,202198.45,Maiduguri,ATM,2024-12-01 17:41:31,Ebeano,DEV495,0,28,0,1
TXN00796,CUST8244,469731.33,Ibadan,POS,2024-05-16 02:52:11,MTN,DEV995,0,41,1,0
TXN00466,CUST9453,170046.93,Enugu,POS,2024-07-10 07:32:54,GTBank,DEV730,0,19,0,0
TXN00277,CUST1886,177455.86,Lagos,POS,2024-10-29 02:57:23,Shoprite,DEV356,0,6,0,0
TXN00994,CUST4619,250333.21,Lagos,USSD,2024-11-25 19:14:56,Konga,DEV335,0,4,0,0
TXN00101,CUST7777,298889.15,Maiduguri,USSD,2024-12-27 11:39:51,Shoprite,DEV433,0,31,0,1
TXN00541,CUST1451,499333.89,Benin City,Web,2024-10-31 07:13:43,Glo,DEV311,0,17,0,0
TXN00129,CUST4926,165810.16,Kaduna,Web,2024-12-04 02:47:23,Access Bank,DEV114,0,34,0,0
TXN00783,CUST9670,45272.08,Enugu,USSD,2024-01-29 16:11:24,DSTV,DEV850,0,48,0,0
TXN00862,CUST2548,456687.04,Kano,Web,2024-04-16 09:35:31,Glo,DEV499,1,37,0,0
TXN00787,CUST8709,53040.61,Lagos,POS,2024-04-27 02:49:53,Shoprite,DEV809,0,38,0,0
TXN00502,CUST8113,232452.08,Jos,ATM,2024-10-19 15:27:34,Access Bank,DEV999,0,25,0,0
TXN00048,CUST7529,297759.07,Lagos,Web,2024-07-10 12:14:36,Access Bank,DEV540,0,12,1,1
TXN00447,CUST5813,218473.12,Lagos,Mobile App,2024-04-01 16:07:30,Shoprite,DEV681,0,45,0,0
TXN00732,CUST5403,104613.24,Jos,ATM,2024-06-23 03:06:00,Airtel,DEV969,0,41,0,0
TXN00173,CUST5273,474034.16,Kaduna,USSD,2024-12-23 08:45:46,DSTV,DEV369,0,46,0,0
TXN00661,CUST9072,257334.32,Benin City,USSD,2024-06-06 05:45:26,Konga,DEV373,0,27,0,0
TXN00195,CUST8216,9969.82,Kano,Web,2024-12-30 19:21:59,Jumia,DEV147,0,20,0,0
TXN00934,CUST9898,259679.62,Lagos,POS,2024-05-18 16:12:47,Jumia,DEV130,0,24,0,0
TXN00856,CUST5364,191566.8,Port Harcourt,ATM,2024-02-15 08:18:50,Airtel,DEV306,0,13,1,0
TXN00377,CUST5413,474661.51,Enugu,POS,2024-05-29 10:11:55,MTN,DEV642,0,33,0,0
TXN00485,CUST7361,47663.21,Abuja,Web,2024-11-01 21:45:04,MTN,DEV377,0,19,0,0
TXN00221,CUST4075,150488.11,Kano,Web,2024-01-05 16:53:14,Konga,DEV862,0,23,0,0
TXN00155,CUST3951,42523.45,Benin City,POS,2024-05-27 06:12:24,Access Bank,DEV831,0,43,0,0
TXN00288,CUST5105,332808.8,Abuja,Mobile App,2024-08-16 02:48:35,Konga,DEV983,0,38,0,0
TXN00373,CUST7304,82118.53,Port Harcourt,POS,2024-01-21 18:42:56,Glo,DEV563,0,24,0,0
TXN00573,CUST9919,461931.63,Lagos,USSD,2024-09-07 09:28:13,Konga,DEV856,0,21,0,0
TXN00397,CUST9854,61936.56,Jos,USSD,2024-01-30 23:36:16,Glo,DEV983,0,41,0,0
TXN00206,CUST4828,60571.39,Maiduguri,USSD,2024-05-01 01:03:16,Access Bank,DEV219,0,48,0,0
TXN00612,CUST8239,468057.08,Port Harcourt,ATM,2024-04-06 05:27:00,Konga,DEV288,0,31,0,0
TXN00499,CUST3871,114239.48,Maiduguri,POS,2024-09-14 15:27:33,Filmhouse,DEV706,0,40,0,0
TXN00416,CUST5179,275841.85,Kano,Web,2024-03-26 16:19:42,Filmhouse,DEV221,0,6,0,0
TXN00194,CUST1627,252925.13,Abuja,USSD,2024-05-26 07:39:26,Filmhouse,DEV812,0,9,0,0
TXN00894,CUST1175,75782.96,Ibadan,POS,2024-10-13 23:44:08,Konga,DEV587,0,31,0,0
TXN00988,CUST8150,178668.78,Enugu,ATM,2024-04-28 21:44:38,GTBank,DEV481,0,13,0,0
TXN00131,CUST2871,97582.36,Maiduguri,POS,2024-06-17 10:59:05,Shoprite,DEV111,0,7,0,0
TXN00709,CUST7680,441635.62,Ibadan,Web,2024-05-16 20:45:28,Ebeano,DEV356,0,0,0,0
TXN00367,CUST1928,472585.71,Lagos,Web,2024-02-28 09:17:14,Jumia,DEV796,0,15,0,0
TXN00907,CUST6147,206922.19,Lagos,Mobile App,2024-03-26 07:18:54,Filmhouse,DEV890,0,3,0,0
TXN00218,CUST5544,44645.95,Enugu,Web,2024-05-26 13:54:47,Access Bank,DEV798,0,33,0,0
TXN00432,CUST5540,364782.53,Ibadan,POS,2024-02-18 18:15:55,Access Bank,DEV992,0,20,0,0
TXN00594,CUST2196,208266.91,Enugu,ATM,2024-03-15 17:50:07,Jumia,DEV862,0,40,0,0
TXN00010,CUST6220,52124.34,Ibadan,POS,2024-06-10 03:35:42,Ebeano,DEV928,0,46,0,1
TXN00262,CUST5035,406600.47,Ibadan,ATM,2024-09-30 14:29:38,Ebeano,DEV237,0,44,0,0
TXN00456,CUST8246,142428.91,Ibadan,USSD,2024-04-18 22:29:15,Shoprite,DEV432,0,15,0,0
TXN00440,CUST2475,20200.15,Benin City,USSD,2024-07-27 00:24:08,Ebeano,DEV772,0,24,0,0
TXN00027,CUST2277,448909.37,Kano,USSD,2024-01-24 23:53:01,Glo,DEV580,0,9,0,1
TXN00678,CUST1973,93184.3,Enugu,USSD,2024-09-11 14:58:57,MTN,DEV220,0,24,0,0
TXN00795,CUST4926,387048.51,Lagos,Web,2024-11-25 16:45:43,DSTV,DEV756,0,4,0,0
TXN00568,CUST6923,39591.67,Abuja,Mobile App,2024-04-05 12:49:33,Airtel,DEV294,0,8,0,0
TXN00461,CUST3951,86197.17,Benin City,Web,2024-08-13 00:01:07,Konga,DEV586,0,5,0,0
TXN00693,CUST8801,460163.33,Kano,ATM,2024-11-07 04:47:33,Filmhouse,DEV633,0,33,0,0
TXN00955,CUST8020,181921.97,Benin City,Mobile App,2024-08-01 20:47:22,Access Bank,DEV317,0,2,0,0
TXN00265,CUST7384,437796.4,Port Harcourt,ATM,2024-04-12 13:32:09,Access Bank,DEV573,0,50,0,0
TXN00899,CUST8575,317297.47,Maiduguri,USSD,2024-09-22 06:13:40,MTN,DEV899,0,48,0,0
TXN00890,CUST3691,483562.63,Port Harcourt,ATM,2024-09-17 13:22:36,Glo,DEV549,0,0,0,0
TXN00825,CUST2519,154078.25,Enugu,ATM,2024-01-10 00:51:23,Konga,DEV458,0,14,0,0
TXN00350,CUST9285,386976.86,Jos,ATM,2024-11-05 06:46:35,Access Bank,DEV431,0,46,0,0
TXN00181,CUST2878,36410.45,Port Harcourt,USSD,2024-01-01 06:08:53,Jumia,DEV233,0,31,0,0
TXN00346,CUST4483,378673.13,Kaduna,POS,2024-06-19 05:58:36,Glo,DEV729,0,12,0,0
TXN00337,CUST2989,95242.0,Jos,USSD,2024-08-30 07:46:57,GTBank,DEV225,1,47,0,0
TXN00669,CUST5740,241697.32,Jos,POS,2024-07-06 07:42:24,DSTV,DEV806,0,39,0,0
TXN00300,CUST7184,48319.51,Kaduna,POS,2024-01-19 02:43:01,Jumia,DEV685,0,44,0,0
TXN00673,CUST5891,428143.8,Port Harcourt,Web,2024-06-05 06:16:15,Shoprite,DEV868,0,10,0,0
TXN00941,CUST6312,409950.72,Enugu,POS,2024-08-17 07:59:40,Shoprite,DEV715,0,50,0,0
TXN00229,CUST6729,180740.97,Lagos,USSD,2024-06-19 15:54:17,GTBank,DEV290,0,27,0,0
TXN00879,CUST4751,473829.39,Enugu,POS,2024-10-26 09:50:10,Konga,DEV736,0,22,0,0
TXN00838,CUST2409,451783.53,Kano,ATM,2024-09-23 15:58:55,DSTV,DEV496,0,30,0,0
TXN00182,CUST8785,496075.84,Ibadan,Mobile App,2024-10-24 03:57:16,Ebeano,DEV953,0,46,1,0
TXN00044,CUST8047,426943.05,Benin City,Mobile App,2024-11-12 08:40:30,MTN,DEV587,0,36,1,1
TXN00820,CUST6893,156329.02,Ibadan,POS,2024-05-05 07:57:12,Filmhouse,DEV681,0,34,0,0
TXN00656,CUST8709,31006.46,Benin City,USSD,2024-05-20 07:38:16,Ebeano,DEV349,1,13,0,0
TXN00779,CUST1350,359948.13,Kano,Web,2024-03-31 04:28:48,Glo,DEV745,0,25,0,0
TXN00615,CUST6679,375781.42,Lagos,USSD,2024-05-19 03:05:32,Glo,DEV330,0,26,0,0
TXN00438,CUST9656,382863.14,Abuja,USSD,2024-10-10 19:04:26,Shoprite,DEV581,0,44,0,0
TXN00866,CUST2253,299933.37,Ibadan,POS,2024-05-20 05:21:58,Filmhouse,DEV649,0,28,0,0
TXN00717,CUST2977,209365.83,Kaduna,Mobile App,2024-12-28 22:05:41,Airtel,DEV832,0,11,0,0
TXN00970,CUST7383,10310.44,Abuja,USSD,2024-08-17 15:58:11,Glo,DEV371,0,42,0,0
TXN00198,CUST1935,496183.24,Abuja,ATM,2024-03-15 21:50:00,Shoprite,DEV291,0,3,0,0
TXN00923,CUST6217,24949.72,Jos,Web,2024-02-14 00:40:46,Airtel,DEV554,0,4,0,0
TXN00979,CUST3490,235292.05,Ibadan,ATM,2024-02-23 08:59:48,DSTV,DEV981,0,30,0,0
TXN00458,CUST7778,47892.79,Lagos,ATM,2024-11-03 16:11:46,Jumia,DEV410,0,10,0,0
TXN00956,CUST2162,248938.13,Abuja,USSD,2024-07-02 18:31:33,Filmhouse,DEV699,0,35,0,0
TXN00307,CUST8854,212835.48,Jos,USSD,2024-05-05 05:58:44,Access Bank,DEV255,0,4,0,0
TXN00168,CUST2769,384081.15,Kaduna,POS,2024-07-07 07:52:03,Ebeano,DEV629,0,18,0,0
TXN00550,CUST5921,18119.89,Lagos,POS,2024-02-10 00:28:42,Jumia,DEV225,0,24,0,0
TXN00952,CUST1637,496502.68,Ibadan,ATM,2024-02-11 06:59:05,Ebeano,DEV954,0,32,0,0
TXN00285,CUST2045,208989.96,Port Harcourt,ATM,2024-08-05 23:06:02,Filmhouse,DEV904,0,5,0,0
TXN00244,CUST3731,194966.47,Jos,Mobile App,2024-02-06 22:42:57,Access Bank,DEV301,0,5,0,0
TXN00125,CUST3140,271892.41,Lagos,Web,2024-09-26 05:51:40,Konga,DEV688,0,36,0,0
TXN00165,CUST1340,334353.41,Kaduna,Web,2024-07-30 03:08:43,DSTV,DEV618,0,11,0,0
TXN00121,CUST9237,465208.26,Maiduguri,ATM,2024-12-15 19:50:00,Jumia,DEV657,0,19,0,0
TXN00012,CUST8311,156756.96,Enugu,POS,2024-05-24 23:35:48,Access Bank,DEV101,0,45,0,1
TXN00544,CUST9737,196588.54,Benin City,Mobile App,2024-07-16 08:32:47,Airtel,DEV838,0,7,0,0
TXN00406,CUST3038,213896.59,Maiduguri,POS,2024-07-08 11:09:03,Shoprite,DEV662,0,3,0,0
TXN00127,CUST2507,289359.94,Port Harcourt,ATM,2024-02-28 02:37:43,Filmhouse,DEV157,0,23,1,0
TXN00695,CUST7798,313018.03,Kano,Mobile App,2024-10-19 18:37:54,GTBank,DEV945,0,33,0,0
TXN00474,CUST1103,200292.33,Kano,Mobile App,2024-10-23 21:23:01,Airtel,DEV326,0,7,0,0
TXN00961,CUST7879,302083.79,Maiduguri,Web,2024-12-06 16:24:01,Filmhouse,DEV534,0,40,0,0
TXN00478,CUST3070,70313.04,Ibadan,USSD,2024-07-27 19:47:24,Jumia,DEV937,0,34,0,0
TXN00849,CUST6968,214929.2,Maiduguri,Web,2024-09-20 08:29:07,Access Bank,DEV404,0,19,0,0
TXN00575,CUST4437,179126.09,Kaduna,USSD,2024-05-22 21:05:51,MTN,DEV179,0,38,0,0
TXN00714,CUST9244,348023.11,Maiduguri,USSD,2024-11-07 00:10:40,Shoprite,DEV358,0,40,0,0
TXN00128,CUST3630,402071.26,Enugu,Mobile App,2024-04-23 09:38:05,DSTV,DEV687,0,1,0,0
TXN00321,CUST1850,19038.47,Enugu,Mobile App,2024-10-13 01:21:21,GTBank,DEV863,0,30,0,0
TXN00148,CUST6552,471544.91,Ibadan,USSD,2024-03-12 04:19:16,Access Bank,DEV445,0,39,0,0
TXN00824,CUST3830,197096.81,Port Harcourt,POS,2024-04-06 03:44:10,Shoprite,DEV757,0,25,0,0
TXN00746,CUST7801,352032.12,Kano,Mobile App,2024-06-29 12:22:22,DSTV,DEV388,0,2,0,0
TXN00960,CUST1010,17825.66,Kaduna,Mobile App,2024-09-20 17:01:32,Access Bank,DEV242,0,11,0,0
TXN00769,CUST8063,197768.55,Jos,ATM,2024-07-24 04:29:13,Access Bank,DEV665,0,28,1,0
TXN00521,CUST3425,41942.68,Kaduna,ATM,2024-10-17 08:54:07,Ebeano,DEV751,0,14,0,0
TXN00571,CUST7226,157111.48,Maiduguri,Mobile App,2024-07-19 06:23:28,GTBank,DEV604,0,25,0,0
TXN00576,CUST1170,29482.6,Ibadan,ATM,2024-03-03 10:21:57,Filmhouse,DEV146,1,29,0,0
TXN00051,CUST6411,72030.02,Kaduna,USSD,2024-07-21 23:00:00,Konga,DEV330,0,8,0,1
TXN00687,CUST2109,426410.42,Kaduna,Web,2024-09-01 15:08:05,Shoprite,DEV257,0,48,0,0
TXN00104,CUST5284,360381.32,Enugu,POS,2024-06-05 03:26:05,GTBank,DEV622,0,35,0,1
TXN00225,CUST7749,301379.39,Kano,POS,2024-10-10 16:14:53,Airtel,DEV402,0,28,0,0
TXN00635,CUST2117,195102.06,Ibadan,Web,2024-12-06 20:07:45,Jumia,DEV605,0,43,0,0
TXN00713,CUST4531,472980.07,Abuja,ATM,2024-01-31 10:07:17,Filmhouse,DEV391,0,36,0,0
TXN00132,CUST8924,131234.35,Enugu,ATM,2024-04-11 03:04:54,Konga,DEV216,0,6,0,0
TXN00944,CUST8208,421486.56,Kano,POS,2024-02-17 03:35:13,Airtel,DEV597,0,28,0,0
TXN00739,CUST3163,383264.09,Kano,USSD,2024-12-15 10:08:21,GTBank,DEV797,1,18,0,0
TXN00775,CUST2175,121329.79,Enugu,Mobile App,2024-06-13 05:03:12,Filmhouse,DEV974,1,26,0,0
TXN00045,CUST5972,419686.72,Ibadan,ATM,2024-04-28 12:32:15,Glo,DEV566,0,32,0,1
TXN00184,CUST6476,288051.53,Benin City,POS,2024-10-07 02:03:36,Jumia,DEV553,0,25,0,0
TXN00231,CUST2419,298734.69,Lagos,USSD,2024-06-06 04:31:11,Ebeano,DEV582,0,22,0,0
TXN00146,CUST7326,327474.67,Maiduguri,USSD,2024-09-12 07:18:35,Konga,DEV333,1,34,0,0
TXN00332,CUST4543,276914.27,Lagos,USSD,2024-09-08 16:18:12,Filmhouse,DEV606,0,19,0,0
TXN00533,CUST7067,312365.93,Kano,Web,2024-06-23 15:17:07,Ebeano,DEV594,0,5,0,0
TXN00072,CUST7749,252663.37,Ibadan,Mobile App,2024-06-19 22:05:21,GTBank,DEV388,0,18,0,1
TXN00491,CUST8069,86406.48,Kano,Web,2024-10-07 14:39:42,Airtel,DEV565,0,26,0,0
TXN00274,CUST6967,39791.67,Jos,Mobile App,2024-08-12 03:18:46,Access Bank,DEV475,0,30,0,0
TXN00220,CUST5784,230739.89,Kano,POS,2024-07-05 18:26:30,Access Bank,DEV874,0,0,0,0
TXN00850,CUST3079,378639.89,Port Harcourt,USSD,2024-09-03 00:49:50,Glo,DEV417,0,48,0,0
TXN00298,CUST6268,312904.29,Enugu,Web,2024-03-28 19:04:16,Konga,DEV654,0,3,1,0
TXN00749,CUST9690,210578.68,Jos,Web,2024-05-18 21:36:29,Airtel,DEV397,0,23,1,0
TXN00263,CUST7630,211624.49,Maiduguri,USSD,2024-11-09 10:29:29,Konga,DEV362,0,12,0,0
TXN00760,CUST7741,274624.33,Kaduna,Web,2024-04-27 15:52:42,MTN,DEV644,0,8,0,0
TXN00429,CUST3512,27621.7,Maiduguri,Mobile App,2024-10-30 07:24:23,Glo,DEV375,0,24,0,0
TXN00358,CUST4731,271652.13,Lagos,POS,2024-07-13 04:03:04,Jumia,DEV753,0,18,0,0
TXN00005,CUST2436,48095.39,Port Harcourt,ATM,2024-01-22 04:16:06,Access Bank,DEV937,1,33,0,1
TXN00816,CUST6374,307132.58,Ibadan,ATM,2024-02-14 16:45:23,Konga,DEV889,0,33,0,0
TXN00245,CUST8152,328666.6,Kano,POS,2024-02-23 14:43:08,MTN,DEV314,0,29,0,0
TXN00017,CUST1473,202366.2,Maiduguri,USSD,2024-01-07 16:48:42,MTN,DEV394,0,44,0,1
TXN00854,CUST9466,129878.78,Enugu,ATM,2024-08-07 05:39:17,GTBank,DEV135,0,50,1,0
TXN00282,CUST8208,106186.0,Port Harcourt,Web,2024-03-27 10:50:12,DSTV,DEV883,0,21,1,0
TXN00512,CUST8991,180506.82,Ibadan,Mobile App,2024-09-02 21:23:02,GTBank,DEV817,0,38,0,0
TXN00908,CUST5138,319433.0,Jos,ATM,2024-01-21 16:20:20,DSTV,DEV255,0,13,0,0
TXN00120,CUST1007,470618.54,Port Harcourt,Mobile App,2024-03-18 09:46:37,Ebeano,DEV917,0,2,0,1
TXN00797,CUST7797,312869.53,Enugu,Mobile App,2024-12-05 23:15:41,DSTV,DEV401,0,41,0,0
TXN00998,CUST8961,392139.72,Kano,POS,2024-03-02 07:49:00,Access Bank,DEV641,0,34,0,0
TXN00468,CUST2774,360642.72,Port Harcourt,USSD,2024-03-26 22:46:10,MTN,DEV402,0,13,0,0
TXN00758,CUST2171,121239.43,Benin City,Mobile App,2024-06-26 02:13:34,Airtel,DEV276,0,23,0,0
TXN00255,CUST5343,472420.76,Kano,POS,2024-08-07 16:05:45,Glo,DEV992,0,25,0,0
TXN00699,CUST4832,366705.82,Jos,USSD,2024-11-14 17:36:19,Airtel,DEV948,0,7,0,0
TXN00522,CUST2931,294198.89,Abuja,POS,2024-07-05 13:25:17,Jumia,DEV606,0,47,0,0
TXN00208,CUST6985,141642.46,Port Harcourt,Mobile App,2024-07-04 13:49:28,MTN,DEV954,0,9,0,0
TXN00190,CUST9030,68422.29,Ibadan,Mobile App,2024-10-20 13:36:16,Jumia,DEV252,0,40,0,0
TXN00679,CUST8857,151591.3,Enugu,POS,2024-03-19 14:10:22,Ebeano,DEV376,0,15,0,0
TXN00569,CUST3804,489916.53,Port Harcourt,Web,2024-07-27 16:04:05,Access Bank,DEV258,0,12,0,0
TXN00552,CUST3259,113339.82,Lagos,Mobile App,2024-03-12 03:36:30,Shoprite,DEV934,0,18,0,0
TXN00291,CUST5100,221624.48,Lagos,POS,2024-07-20 10:37:33,MTN,DEV120,0,39,0,0
TXN00345,CUST5133,166172.93,Kaduna,USSD,2024-02-27 09:54:02,Jumia,DEV651,0,27,0,0
TXN00930,CUST3850,430534.97,Jos,POS,2024-07-22 13:41:42,Jumia,DEV550,0,26,0,0
TXN00008,CUST7555,333872.1,Kaduna,Web,2024-04-17 23:25:17,Filmhouse,DEV638,0,8,1,1
TXN00606,CUST4060,120175.92,Kaduna,POS,2024-12-10 03:30:15,Airtel,DEV766,0,22,0,0
TXN00933,CUST2252,258288.52,Maiduguri,POS,2024-07-25 01:22:37,Ebeano,DEV412,0,17,0,0
TXN00079,CUST5356,391196.83,Abuja,Mobile App,2024-09-27 07:18:01,Ebeano,DEV640,0,14,0,1
TXN00455,CUST9083,301081.34,Port Harcourt,USSD,2024-10-28 12:33:59,DSTV,DEV823,0,28,0,0
TXN00616,CUST9249,106471.1,Benin City,ATM,2024-10-17 12:54:46,Ebeano,DEV746,0,40,0,0
TXN00351,CUST6907,313823.47,Enugu,POS,2024-12-24 19:37:25,Ebeano,DEV156,0,18,0,0
TXN00470,CUST2125,191003.21,Benin City,USSD,2024-01-21 18:06:29,Shoprite,DEV288,0,43,0,0
TXN00018,CUST3749,493090.27,Ibadan,POS,2024-03-22 00:47:22,DSTV,DEV205,0,17,0,1
TXN00095,CUST9098,297797.6,Ibadan,USSD,2024-12-07 03:48:11,MTN,DEV609,0,50,0,1
TXN00460,CUST2938,37672.95,Abuja,Mobile App,2024-08-09 05:25:45,Ebeano,DEV573,0,17,0,0
TXN00106,CUST5696,317981.97,Ibadan,USSD,2024-10-22 03:40:34,Access Bank,DEV283,0,28,0,1
TXN00041,CUST9907,298954.49,Maiduguri,ATM,2024-09-20 21:39:43,DSTV,DEV580,0,29,0,1
TXN00916,CUST1506,17083.23,Abuja,USSD,2024-01-01 16:27:29,GTBank,DEV276,0,15,0,0
TXN00793,CUST8115,412986.52,Maiduguri,Mobile App,2024-12-14 12:13:31,GTBank,DEV585,0,13,0,0
TXN00242,CUST5701,358642.99,Ibadan,POS,2024-11-20 18:35:02,Filmhouse,DEV851,0,4,0,0
TXN00884,CUST7144,438299.58,Port Harcourt,POS,2024-11-02 20:30:11,Jumia,DEV419,0,36,0,0
TXN00722,CUST6342,71873.62,Benin City,Mobile App,2024-02-14 13:02:43,Ebeano,DEV304,0,50,0,0
TXN00529,CUST9292,397054.86,Abuja,ATM,2024-07-05 12:43:03,Ebeano,DEV602,0,30,1,0
TXN00823,CUST7121,187136.92,Kano,ATM,2024-02-04 17:39:36,Airtel,DEV931,0,23,0,0
TXN00977,CUST5755,270338.07,Kano,POS,2024-10-03 07:36:10,Airtel,DEV356,0,34,0,0
TXN00655,CUST9850,163100.97,Jos,USSD,2024-09-26 00:36:21,Filmhouse,DEV349,0,23,0,0
TXN00912,CUST1788,202246.0,Benin City,Mobile App,2024-04-30 23:06:25,Jumia,DEV127,0,1,0,0
TXN00904,CUST7403,45254.01,Ibadan,Mobile App,2024-10-10 12:57:43,Airtel,DEV834,0,9,0,0
TXN00157,CUST1498,436017.03,Benin City,POS,2024-04-29 03:56:30,Jumia,DEV496,0,8,0,0
TXN00297,CUST5594,365094.1,Benin City,Web,2024-04-18 12:47:57,MTN,DEV226,0,19,1,0
TXN00642,CUST2377,71195.16,Lagos,Web,2024-09-17 04:40:21,Shoprite,DEV120,0,41,0,0
TXN00236,CUST1280,56350.58,Benin City,Mobile App,2024-09-29 03:49:15,Glo,DEV978,0,42,0,0
TXN00323,CUST5989,464861.47,Jos,ATM,2024-01-15 12:26:29,Filmhouse,DEV858,0,45,0,0
TXN00627,CUST7825,74155.39,Ibadan,POS,2024-05-14 20:23:20,Airtel,DEV708,0,21,0,0
TXN00002,CUST5117,358641.29,Jos,USSD,2024-11-28 04:25:32,Konga,DEV237,0,8,1,1
TXN00111,CUST3839,19484.52,Benin City,USSD,2024-03-09 04:51:35,Konga,DEV634,0,33,0,1
TXN00939,CUST3925,175706.05,Kano,USSD,2024-09-14 13:51:37,GTBank,DEV494,0,43,0,0
TXN00921,CUST4500,173006.63,Maiduguri,Web,2024-09-30 00:15:51,Jumia,DEV627,0,2,0,0
TXN00147,CUST7705,257063.64,Ibadan,Web,2024-05-27 20:07:50,Konga,DEV867,0,16,0,0
TXN00501,CUST9259,163907.1,Jos,ATM,2024-08-14 20:03:21,DSTV,DEV628,0,45,0,0
TXN00989,CUST7301,442035.58,Kano,POS,2024-11-23 14:03:21,DSTV,DEV540,0,29,0,0
TXN00134,CUST9291,92881.25,Jos,Web,2024-02-19 06:08:37,Shoprite,DEV434,0,43,0,0
TXN00806,CUST6302,420715.26,Port Harcourt,Web,2024-04-20 08:32:59,Ebeano,DEV532,0,27,0,0
TXN00441,CUST2475,181448.17,Port Harcourt,ATM,2024-02-11 07:40:55,GTBank,DEV673,0,18,0,0
TXN00459,CUST2055,70659.02,Ibadan,USSD,2024-07-24 02:01:05,Glo,DEV964,0,6,0,0
TXN00804,CUST3785,415530.45,Kaduna,USSD,2024-05-16 17:24:26,Access Bank,DEV784,0,44,0,0
TXN00742,CUST3522,137270.34,Lagos,POS,2024-03-07 00:59:03,DSTV,DEV363,0,40,0,0
TXN00374,CUST4985,200255.34,Kano,Web,2024-10-03 03:03:18,GTBank,DEV377,0,48,0,0
TXN00726,CUST5774,410395.97,Enugu,Web,2024-08-13 10:07:25,MTN,DEV490,0,44,0,0
TXN00631,CUST8390,274407.51,Benin City,USSD,2024-03-10 11:34:31,Shoprite,DEV515,1,28,1,0
TXN00068,CUST1990,427894.85,Ibadan,ATM,2024-04-28 18:48:16,GTBank,DEV552,0,13,0,1
TXN00166,CUST3035,380813.87,Kano,Mobile App,2024-02-02 12:05:48,Access Bank,DEV884,0,29,0,0
TXN00993,CUST1747,424748.3,Kaduna,Web,2024-11-25 03:21:25,Ebeano,DEV651,0,29,0,0
TXN00450,CUST3512,296164.64,Lagos,POS,2024-08-24 09:13:51,MTN,DEV956,0,44,0,0
TXN00445,CUST7817,409569.72,Kano,POS,2024-04-18 13:12:22,Jumia,DEV581,0,2,0,0
TXN00387,CUST4353,222583.26,Kano,ATM,2024-08-10 07:33:49,Konga,DEV504,0,0,0,0
TXN00621,CUST9249,162567.6,Kaduna,Mobile App,2024-06-23 20:53:15,Glo,DEV609,0,10,0,0
TXN00980,CUST1481,208022.08,Ibadan,ATM,2024-06-08 17:06:50,Glo,DEV359,0,29,0,0
TXN00108,CUST6460,235045.09,Maiduguri,Web,2024-08-02 01:20:00,Airtel,DEV987,0,10,1,1
TXN00401,CUST7860,336547.6,Ibadan,POS,2024-08-10 13:44:05,Jumia,DEV962,0,18,0,0
TXN00684,CUST1875,31998.96,Kaduna,USSD,2024-02-11 23:18:39,Jumia,DEV570,0,14,0,0
TXN00093,CUST7307,370848.91,Ibadan,POS,2024-06-30 00:01:40,Glo,DEV615,0,38,0,1
TXN00214,CUST2217,29385.83,Ibadan,Web,2024-08-09 07:23:54,Jumia,DEV228,0,10,0,0
TXN00524,CUST8527,255231.13,Maiduguri,POS,2024-06-12 05:48:36,Airtel,DEV964,0,36,0,0
TXN00024,CUST1824,174797.52,Port Harcourt,USSD,2024-07-24 21:26:52,Shoprite,DEV628,0,34,0,1
TXN00192,CUST7723,125917.28,Maiduguri,Mobile App,2024-07-18 19:54:07,Konga,DEV247,0,38,0,0
TXN00638,CUST6589,112008.9,Abuja,Web,2024-12-15 19:55:17,Jumia,DEV485,0,8,0,0
TXN00052,CUST9622,151234.42,Lagos,POS,2024-04-17 14:20:37,Filmhouse,DEV743,0,28,0,1
TXN00516,CUST7020,57920.96,Benin City,Web,2024-10-12 01:59:29,Shoprite,DEV895,0,29,0,0
TXN00991,CUST5401,208495.25,Maiduguri,Mobile App,2024-10-11 19:44:09,Shoprite,DEV241,0,3,0,0
TXN00707,CUST9683,71471.0,Lagos,Mobile App,2024-07-06 02:44:22,MTN,DEV501,0,41,1,0
TXN00632,CUST1822,337079.43,Kaduna,Web,2024-03-07 05:34:05,Glo,DEV328,0,49,1,0
TXN00113,CUST3528,41305.57,Enugu,Mobile App,2024-06-30 23:47:40,Shoprite,DEV567,0,38,0,1
TXN00034,CUST6438,65617.96,Benin City,ATM,2024-08-25 14:38:22,GTBank,DEV988,0,45,1,1
TXN00130,CUST5544,349754.71,Benin City,Web,2024-01-26 20:50:03,MTN,DEV152,0,2,0,0
TXN00286,CUST2620,359187.21,Kano,Mobile App,2024-10-31 17:44:53,Ebeano,DEV927,0,43,0,0
TXN00167,CUST7745,419520.15,Jos,Mobile App,2024-06-15 17:11:30,Airtel,DEV163,0,25,0,0
TXN00411,CUST9167,17338.42,Kaduna,USSD,2024-06-23 11:43:39,Ebeano,DEV909,0,38,0,0
TXN00158,CUST7561,397715.81,Jos,Mobile App,2024-06-04 20:16:22,Konga,DEV617,0,15,0,0
TXN00587,CUST2293,175833.9,Abuja,USSD,2024-03-01 14:31:02,Airtel,DEV153,0,46,1,0
TXN00643,CUST4821,383610.89,Kaduna,Web,2024-01-23 13:17:27,Shoprite,DEV654,0,2,0,0
TXN00560,CUST2845,246302.66,Lagos,USSD,2024-09-21 12:17:12,Filmhouse,DEV756,0,7,1,0
TXN00562,CUST5550,130795.83,Port Harcourt,USSD,2024-06-08 23:59:23,Airtel,DEV159,0,3,0,0
TXN00645,CUST6519,492643.08,Enugu,ATM,2024-02-09 20:20:33,MTN,DEV716,0,1,0,0
TXN00845,CUST6340,379821.23,Maiduguri,ATM,2024-01-26 13:04:13,Filmhouse,DEV865,0,36,0,0
TXN00386,CUST7971,137934.85,Maiduguri,ATM,2024-06-17 11:47:59,GTBank,DEV619,0,16,0,0
TXN00237,CUST4177,157005.31,Maiduguri,Web,2024-05-02 14:27:35,Shoprite,DEV302,0,13,0,0
TXN00495,CUST6235,17514.09,Benin City,USSD,2024-01-25 10:54:26,Ebeano,DEV291,0,47,1,0
TXN00582,CUST3003,7637.03,Benin City,POS,2024-01-16 06:18:39,Shoprite,DEV699,1,19,0,0
TXN00248,CUST9171,24391.61,Benin City,Mobile App,2024-04-02 00:00:47,GTBank,DEV655,0,30,0,0
TXN00990,CUST6905,127038.17,Benin City,ATM,2024-07-13 00:58:45,Ebeano,DEV713,0,16,0,0
TXN00648,CUST2659,58120.82,Enugu,ATM,2024-01-27 17:03:41,Ebeano,DEV717,0,31,0,0
TXN00310,CUST9811,350278.24,Maiduguri,Web,2024-08-18 04:28:51,Jumia,DEV398,0,24,0,0
TXN00509,CUST9290,498803.39,Lagos,Web,2024-02-03 11:17:44,Konga,DEV663,0,5,0,0
TXN00664,CUST1854,334386.5,Benin City,Mobile App,2024-12-10 08:16:53,Ebeano,DEV577,0,11,0,0
TXN00603,CUST5048,158491.34,Kaduna,USSD,2024-09-24 23:29:59,Konga,DEV418,0,2,0,0
TXN00846,CUST1690,107939.94,Maiduguri,Web,2024-03-18 01:52:07,GTBank,DEV390,0,27,0,0
TXN00705,CUST3561,199618.14,Enugu,Mobile App,2024-01-02 08:51:06,GTBank,DEV297,1,36,0,0
TXN00013,CUST3212,356613.77,Benin City,ATM,2024-11-25 08:15:54,Ebeano,DEV404,0,4,0,1
TXN00690,CUST9588,182139.71,Abuja,ATM,2024-10-20 13:17:01,Shoprite,DEV136,0,16,0,0
TXN00937,CUST7716,101514.85,Ibadan,USSD,2024-12-29 21:39:52,Glo,DEV477,0,9,0,0
TXN00082,CUST2497,179667.31,Jos,Web,2024-02-03 01:51:22,Airtel,DEV829,0,0,1,1
TXN00703,CUST7504,418069.88,Benin City,Web,2024-06-15 05:55:54,Airtel,DEV101,0,39,0,0
TXN00689,CUST8418,14911.31,Kano,ATM,2024-02-07 14:22:52,Glo,DEV420,0,19,0,0
TXN00794,CUST8096,89035.44,Kano,Mobile App,2024-09-28 09:06:46,Airtel,DEV119,0,9,0,0
TXN00391,CUST6016,219411.54,Jos,Web,2024-09-21 07:08:39,Access Bank,DEV970,0,22,0,0
TXN00419,CUST4704,293107.81,Abuja,USSD,2024-07-30 20:35:58,Jumia,DEV709,0,22,0,0
TXN00947,CUST4851,383053.92,Kaduna,USSD,2024-11-18 11:29:33,Filmhouse,DEV592,0,21,0,0
TXN00903,CUST2823,238306.49,Maiduguri,Mobile App,2024-02-28 06:53:47,Ebeano,DEV458,0,12,1,0
TXN00982,CUST3712,102299.09,Enugu,USSD,2024-09-21 04:40:02,Glo,DEV675,0,2,0,0
TXN00654,CUST8328,94060.22,Abuja,ATM,2024-08-05 09:08:19,Filmhouse,DEV523,0,26,1,0
TXN00715,CUST8299,339705.31,Kano,Mobile App,2024-12-27 06:01:26,Filmhouse,DEV506,0,34,0,0
TXN00851,CUST6288,292590.95,Maiduguri,USSD,2024-06-20 03:02:53,DSTV,DEV703,0,7,0,0
TXN01000,CUST3097,125559.83,Kaduna,ATM,2024-05-04 19:28:53,GTBank,DEV438,1,1,0,0
TXN00767,CUST2408,436458.11,Ibadan,Mobile App,2024-08-17 22:12:30,DSTV,DEV241,0,2,0,0
TXN00477,CUST5373,452910.9,Maiduguri,POS,2024-06-11 08:05:44,Shoprite,DEV236,0,41,0,0
TXN00428,CUST6996,124739.59,Port Harcourt,ATM,2024-02-01 07:43:01,GTBank,DEV539,0,23,0,0
TXN00905,CUST5577,89487.39,Lagos,Mobile App,2024-02-21 06:49:37,Shoprite,DEV829,0,19,0,0
TXN00525,CUST3552,161740.22,Kaduna,Web,2024-07-11 02:18:52,GTBank,DEV586,0,30,0,0
TXN00124,CUST8938,440236.6,Maiduguri,POS,2024-12-31 17:04:58,Filmhouse,DEV103,0,35,0,0
TXN00467,CUST9444,143753.72,Maiduguri,Mobile App,2024-08-25 12:34:20,Konga,DEV457,0,18,0,0
TXN00334,CUST8941,362595.74,Ibadan,Mobile App,2024-08-15 00:58:00,Shoprite,DEV790,0,50,0,0
TXN00426,CUST4013,95031.36,Maiduguri,Mobile App,2024-02-13 05:30:58,Konga,DEV334,0,36,0,0
TXN00883,CUST5255,292608.51,Abuja,POS,2024-09-22 19:55:06,Jumia,DEV791,0,5,0,0
TXN00740,CUST1702,344396.5,Benin City,USSD,2024-09-21 02:01:54,Airtel,DEV939,0,39,0,0
TXN00976,CUST1668,351099.17,Jos,USSD,2024-05-17 22:33:43,GTBank,DEV761,0,24,0,0
TXN00092,CUST6400,85576.02,Abuja,ATM,2024-09-21 05:19:53,Glo,DEV122,0,37,0,1
TXN00959,CUST1479,219383.66,Enugu,Web,2024-05-01 02:12:53,Konga,DEV436,0,31,0,0
TXN00486,CUST2961,498249.45,Lagos,ATM,2024-01-10 08:22:17,GTBank,DEV758,0,1,0,0
TXN00619,CUST5341,440574.24,Ibadan,Mobile App,2024-04-19 01:30:12,Glo,DEV247,1,7,0,0
TXN00280,CUST7260,488070.95,Ibadan,POS,2024-12-13 21:53:01,Ebeano,DEV735,0,14,0,0
TXN00122,CUST1423,72594.85,Kano,ATM,2024-09-23 22:15:34,Shoprite,DEV145,0,30,0,0
TXN00435,CUST8614,230473.78,Ibadan,USSD,2024-10-03 17:29:36,DSTV,DEV439,0,20,0,0
TXN00439,CUST8480,362158.43,Abuja,Web,2024-03-19 09:00:10,DSTV,DEV567,1,5,0,0
TXN00241,CUST9604,398409.25,Kaduna,Web,2024-05-12 00:18:30,Access Bank,DEV895,0,47,0,0
TXN00261,CUST9018,111019.24,Jos,Web,2024-11-13 12:23:30,Access Bank,DEV293,0,35,0,0
TXN00383,CUST1417,438201.09,Enugu,Mobile App,2024-01-29 01:39:27,GTBank,DEV987,0,49,0,0
TXN00508,CUST6858,188345.66,Maiduguri,ATM,2024-10-03 12:27:37,Jumia,DEV216,0,11,0,0
TXN00296,CUST4368,387488.73,Benin City,USSD,2024-06-25 05:07:07,Access Bank,DEV861,0,22,0,0
TXN00814,CUST7373,136072.47,Abuja,Web,2024-01-26 00:36:30,Shoprite,DEV481,0,46,0,0
TXN00164,CUST7912,284325.75,Abuja,USSD,2024-07-20 17:46:05,DSTV,DEV274,0,11,0,0
TXN00281,CUST5426,426033.55,Maiduguri,Mobile App,2024-10-02 10:57:38,Filmhouse,DEV195,0,36,0,0
TXN00202,CUST9770,342757.32,Benin City,Mobile App,2024-08-27 11:53:42,Filmhouse,DEV337,0,13,0,0
TXN00322,CUST3243,90853.01,Kaduna,Web,2024-11-29 10:30:51,Jumia,DEV663,0,32,0,0
TXN00585,CUST1853,335543.0,Kano,Web,2024-01-15 08:06:52,Access Bank,DEV966,0,4,0,0
TXN00953,CUST1054,437972.9,Jos,Mobile App,2024-06-02 22:36:45,Konga,DEV562,0,7,0,0
TXN00829,CUST5789,277976.19,Lagos,USSD,2024-10-25 23:03:29,Access Bank,DEV160,0,9,0,0
TXN00330,CUST6863,309181.5,Lagos,ATM,2024-11-18 00:57:25,MTN,DEV820,0,7,0,0
TXN00892,CUST6962,216951.66,Ibadan,ATM,2024-09-22 01:32:38,Shoprite,DEV275,0,12,0,0
TXN00876,CUST1458,367203.41,Ibadan,ATM,2024-10-04 09:23:34,Ebeano,DEV888,0,16,0,0
TXN00118,CUST2145,488933.95,Kano,POS,2024-04-24 15:04:53,Airtel,DEV662,0,21,0,1
TXN00870,CUST7122,243846.05,Abuja,POS,2024-11-18 22:42:01,GTBank,DEV971,0,20,0,0
TXN00176,CUST7885,374829.5,Port Harcourt,ATM,2024-06-18 10:18:28,MTN,DEV292,0,11,0,0
TXN00887,CUST6524,48101.46,Port Harcourt,Mobile App,2024-03-04 11:07:32,DSTV,DEV324,0,36,0,0
TXN00004,CUST5749,47355.54,Kaduna,Mobile App,2024-08-14 03:04:26,Ebeano,DEV508,0,15,0,1
TXN00029,CUST8497,32202.85,Jos,ATM,2024-05-31 21:42:51,Ebeano,DEV801,0,49,0,1
TXN00475,CUST5750,270477.35,Abuja,USSD,2024-02-22 17:21:13,Filmhouse,DEV349,0,4,0,0
TXN00752,CUST3737,269425.96,Kano,ATM,2024-12-15 18:50:02,Shoprite,DEV489,0,17,0,0
TXN00513,CUST1170,303579.93,Benin City,Mobile App,2024-05-02 13:47:09,GTBank,DEV775,0,6,0,0
TXN00558,CUST5899,498215.79,Kaduna,ATM,2024-10-22 21:05:50,Airtel,DEV378,0,25,0,0
TXN00724,CUST3519,164951.12,Abuja,USSD,2024-06-13 10:56:51,Access Bank,DEV901,0,2,0,0
TXN00232,CUST7666,7857.74,Lagos,Mobile App,2024-07-11 12:28:16,Konga,DEV860,0,45,0,0
TXN00898,CUST1282,91146.45,Port Harcourt,POS,2024-05-29 03:21:50,DSTV,DEV737,1,3,0,0
TXN00084,CUST9065,270709.74,Benin City,ATM,2024-05-27 21:07:49,Airtel,DEV925,0,46,0,1
TXN00911,CUST7090,408022.68,Enugu,USSD,2024-03-03 11:06:12,Ebeano,DEV610,1,5,0,0
TXN00187,CUST1473,277136.39,Enugu,POS,2024-03-30 23:42:02,Glo,DEV875,0,35,0,0
TXN00347,CUST1080,150965.12,Lagos,Web,2024-10-07 03:02:13,Access Bank,DEV444,0,9,1,0
TXN00086,CUST9514,114450.19,Kaduna,Web,2024-05-05 20:13:20,Airtel,DEV877,0,30,0,1
TXN00702,CUST6527,117582.66,Kano,ATM,2024-04-05 22:59:12,Ebeano,DEV807,0,46,0,0
TXN00873,CUST7109,311468.26,Jos,ATM,2024-03-19 17:33:01,Konga,DEV829,0,35,0,0
TXN00815,CUST3686,221515.23,Kaduna,Mobile App,2024-07-17 15:35:00,Jumia,DEV688,0,25,0,0
TXN00211,CUST1547,201117.32,Abuja,Mobile App,2024-08-29 13:57:46,Access Bank,DEV791,0,10,0,0
TXN00997,CUST6170,5187.45,Port Harcourt,Web,2024-03-01 03:22:08,Filmhouse,DEV457,0,21,0,0
TXN00968,CUST1300,400220.7,Enugu,POS,2024-11-14 13:14:57,MTN,DEV734,0,10,0,0
TXN00415,CUST5684,41275.18,Maiduguri,Mobile App,2024-11-22 05:46:04,Jumia,DEV823,0,3,0,0
TXN00153,CUST2846,272803.75,Kaduna,Web,2024-04-21 16:54:28,Ebeano,DEV520,0,7,0,0
TXN00304,CUST6772,358155.96,Ibadan,Mobile App,2024-09-08 22:01:13,Filmhouse,DEV838,0,30,0,0
TXN00761,CUST7546,74238.91,Enugu,ATM,2024-06-04 21:04:41,Filmhouse,DEV288,0,34,0,0
TXN00056,CUST7931,27805.12,Ibadan,Mobile App,2024-05-28 22:57:10,GTBank,DEV758,0,24,0,1
TXN00007,CUST1551,329164.98,Jos,USSD,2024-01-07 20:53:05,Jumia,DEV972,0,29,0,1
TXN00327,CUST6373,314674.01,Kaduna,Mobile App,2024-09-20 03:54:20,Airtel,DEV341,0,45,1,0
TXN00205,CUST8640,263888.37,Ibadan,Web,2024-04-09 21:18:51,GTBank,DEV354,0,40,0,0
TXN00809,CUST7882,21981.21,Enugu,Mobile App,2024-03-10 23:17:33,Access Bank,DEV436,0,31,0,0
TXN00818,CUST9913,15485.96,Abuja,ATM,2024-06-08 16:09:19,DSTV,DEV689,0,3,0,0
TXN00727,CUST5159,340005.55,Ibadan,Web,2024-01-06 23:48:41,Airtel,DEV946,0,7,0,0
TXN00112,CUST5323,37985.29,Kaduna,POS,2024-09-06 04:37:42,DSTV,DEV293,0,20,0,1
TXN00639,CUST7170,352937.75,Jos,USSD,2024-06-03 14:28:49,Access Bank,DEV595,0,20,0,0
TXN00592,CUST2862,330240.16,Kaduna,POS,2024-07-12 23:18:37,MTN,DEV907,0,29,0,0
TXN00640,CUST9471,288512.55,Port Harcourt,Mobile App,2024-06-17 03:54:49,Glo,DEV372,0,11,0,0
TXN00222,CUST6622,55130.72,Lagos,USSD,2024-07-18 23:03:27,Glo,DEV590,0,4,0,0
TXN00381,CUST4050,113909.06,Port Harcourt,POS,2024-06-06 06:59:11,DSTV,DEV628,0,16,0,0
TXN00880,CUST8584,44674.96,Kano,ATM,2024-01-22 04:33:13,Ebeano,DEV724,0,26,0,0
TXN00641,CUST1632,105036.0,Enugu,Web,2024-05-16 11:24:44,Jumia,DEV312,0,42,0,0
TXN00644,CUST1120,349076.59,Port Harcourt,POS,2024-03-17 06:23:15,Glo,DEV760,0,47,0,0
TXN00913,CUST1350,295859.21,Port Harcourt,ATM,2024-02-08 08:01:48,Jumia,DEV925,0,37,0,0
TXN00630,CUST1839,461084.65,Kano,Web,2024-05-25 08:55:31,Ebeano,DEV797,0,49,0,0
TXN00371,CUST5403,312167.59,Kano,ATM,2024-11-15 12:31:38,Shoprite,DEV153,0,23,0,0
TXN00831,CUST3438,178603.15,Lagos,Mobile App,2024-03-14 16:33:37,Konga,DEV809,0,9,0,0
TXN00159,CUST2563,375369.37,Jos,POS,2024-04-13 23:04:11,Airtel,DEV196,0,15,0,0
TXN00015,CUST3668,34390.54,Lagos,ATM,2024-03-20 08:08:52,Shoprite,DEV936,0,27,0,1
TXN00564,CUST1478,278504.97,Maiduguri,POS,2024-04-25 22:03:03,Glo,DEV190,0,7,1,0
TXN00097,CUST4776,18359.17,Kano,Mobile App,2024-11-02 19:23:51,Glo,DEV335,0,10,1,1
TXN00798,CUST9945,499162.43,Lagos,Mobile App,2024-07-31 22:06:18,Ebeano,DEV752,0,38,0,0
TXN00940,CUST9959,231644.39,Abuja,POS,2024-07-05 20:07:39,Airtel,DEV887,0,14,0,0
TXN00100,CUST9380,290918.99,Benin City,ATM,2024-10-28 05:09:13,Konga,DEV414,0,38,0,1
TXN00089,CUST6454,142271.27,Abuja,POS,2024-07-08 05:23:28,DSTV,DEV136,0,33,0,1
TXN00083,CUST2948,111079.9,Enugu,Mobile App,2024-08-22 10:18:04,Access Bank,DEV905,0,21,0,1
TXN00366,CUST4183,203842.14,Maiduguri,ATM,2024-05-03 02:42:37,MTN,DEV987,0,19,0,0
TXN00697,CUST3485,415179.24,Abuja,USSD,2024-03-29 07:21:40,DSTV,DEV374,0,48,0,0
TXN00710,CUST9717,57029.59,Ibadan,Mobile App,2024-12-11 13:44:40,GTBank,DEV395,0,18,0,0
TXN00476,CUST9448,11221.84,Jos,ATM,2024-04-03 21:29:32,Glo,DEV424,0,37,0,0
TXN00067,CUST1051,107681.5,Benin City,ATM,2024-09-25 01:10:22,Airtel,DEV920,0,24,0,1
TXN00864,CUST6376,231677.13,Jos,Mobile App,2024-01-09 04:09:35,Shoprite,DEV685,0,16,0,0
TXN00369,CUST2092,400614.33,Enugu,ATM,2024-07-19 07:35:50,MTN,DEV580,0,15,0,0
TXN00985,CUST8180,108406.29,Ibadan,Web,2024-05-30 21:16:12,DSTV,DEV419,0,36,0,0
TXN00572,CUST6110,5035.7,Jos,Web,2024-05-18 23:30:21,Ebeano,DEV409,0,47,0,0
TXN00563,CUST8479,413225.07,Lagos,ATM,2024-01-21 19:03:33,Filmhouse,DEV667,0,21,0,0
TXN00452,CUST6212,115578.5,Ibadan,ATM,2024-04-06 10:33:26,Access Bank,DEV131,0,35,0,0
TXN00938,CUST7973,359110.32,Enugu,ATM,2024-11-11 15:18:45,Glo,DEV305,0,24,0,0
TXN00858,CUST1836,184631.6,Ibadan,Mobile App,2024-09-30 18:40:43,Access Bank,DEV941,0,32,0,0
TXN00058,CUST1641,78960.98,Abuja,Web,2024-12-22 19:02:09,Glo,DEV292,0,5,0,1
TXN00725,CUST6068,496600.41,Ibadan,POS,2024-03-20 02:01:00,Ebeano,DEV172,0,43,0,0
TXN00601,CUST3533,47408.72,Enugu,POS,2024-02-14 13:28:13,Konga,DEV604,0,25,0,0
TXN00704,CUST9435,189111.32,Port Harcourt,ATM,2024-03-17 12:41:02,GTBank,DEV682,0,24,0,0
TXN00309,CUST2523,432391.81,Kaduna,ATM,2024-11-22 03:36:55,Filmhouse,DEV254,0,10,0,0
TXN00861,CUST9386,473100.59,Benin City,ATM,2024-08-20 17:29:37,Airtel,DEV327,0,34,0,0
TXN00719,CUST7222,52999.31,Maiduguri,Mobile App,2024-12-06 16:39:50,MTN,DEV891,0,16,0,0
TXN00091,CUST9101,114685.15,Enugu,Mobile App,2024-05-03 05:36:47,GTBank,DEV595,0,36,0,1
TXN00028,CUST4019,465390.56,Kano,Mobile App,2024-06-28 18:57:54,Airtel,DEV737,0,7,0,1
TXN00611,CUST6698,443551.21,Ibadan,Web,2024-08-03 12:13:27,Filmhouse,DEV861,0,1,0,0
TXN00692,CUST3509,238755.75,Ibadan,ATM,2024-10-25 00:46:47,Access Bank,DEV499,0,0,0,0
TXN00978,CUST1438,260063.73,Lagos,POS,2024-12-01 10:39:14,Ebeano,DEV382,0,27,0,0
TXN00748,CUST8603,59610.51,Enugu,POS,2024-09-14 02:11:54,Shoprite,DEV580,0,13,0,0
TXN00754,CUST2456,301486.94,Enugu,Web,2024-06-02 09:36:03,DSTV,DEV935,0,8,0,0
TXN00424,CUST8926,461099.62,Lagos,USSD,2024-11-24 00:11:08,Glo,DEV670,0,15,0,0
TXN00046,CUST2849,448986.26,Abuja,USSD,2024-05-19 14:12:27,Airtel,DEV688,0,20,0,1
TXN00247,CUST6356,264892.24,Enugu,Mobile App,2024-05-13 09:49:22,GTBank,DEV720,0,39,0,0
TXN00878,CUST6948,301359.23,Lagos,POS,2024-05-31 20:45:12,Airtel,DEV338,0,18,0,0
TXN00464,CUST7709,277099.28,Enugu,USSD,2024-05-17 21:37:41,DSTV,DEV605,0,34,0,0
TXN00294,CUST9567,213463.75,Ibadan,USSD,2024-05-04 14:08:43,Airtel,DEV690,0,33,0,0
TXN00565,CUST4460,395688.19,Jos,ATM,2024-06-08 22:13:58,DSTV,DEV969,0,49,0,0
TXN00738,CUST3787,269551.74,Kano,Web,2024-08-18 07:57:28,Jumia,DEV875,0,21,0,0
TXN00545,CUST8492,372557.51,Kano,USSD,2024-08-04 15:14:58,Airtel,DEV875,0,42,0,0
TXN00735,CUST7204,237219.83,Enugu,USSD,2024-11-08 02:05:56,Filmhouse,DEV277,0,33,0,0
TXN00235,CUST7529,288843.32,Enugu,ATM,2024-09-01 22:16:16,Konga,DEV777,0,29,0,0
TXN00023,CUST2306,23632.51,Kano,POS,2024-01-04 16:02:06,DSTV,DEV291,0,13,0,1
TXN00596,CUST9390,95379.46,Ibadan,Mobile App,2024-11-29 03:27:19,Konga,DEV743,0,13,0,0
TXN00071,CUST4428,353788.73,Port Harcourt,USSD,2024-06-07 08:03:29,Konga,DEV261,0,13,0,1
TXN00888,CUST7060,42936.66,Kano,Mobile App,2024-02-28 14:24:41,Glo,DEV997,0,31,0,0
TXN00308,CUST8181,264518.64,Abuja,POS,2024-11-24 10:55:46,Glo,DEV204,0,4,0,0
TXN00822,CUST5706,434661.59,Kaduna,Web,2024-12-24 03:58:44,DSTV,DEV410,0,3,0,0
TXN00859,CUST5852,366481.62,Kano,POS,2024-01-11 13:25:14,Glo,DEV872,0,7,0,0
TXN00551,CUST4443,272726.18,Jos,POS,2024-06-30 08:52:06,Filmhouse,DEV162,0,8,0,0
TXN00227,CUST7430,177360.0,Enugu,USSD,2024-09-05 03:00:10,Access Bank,DEV448,0,20,0,0
TXN00180,CUST4442,137180.99,Maiduguri,Mobile App,2024-04-30 21:20:55,Filmhouse,DEV335,1,50,0,0
TXN00316,CUST8684,209755.41,Ibadan,POS,2024-06-21 02:09:09,Access Bank,DEV615,0,23,0,0
TXN00390,CUST7766,199375.95,Maiduguri,USSD,2024-07-24 03:37:48,Filmhouse,DEV799,0,31,1,0
TXN00819,CUST6625,81273.01,Kaduna,ATM,2024-04-18 02:02:45,Filmhouse,DEV573,0,34,0,0
TXN00338,CUST5710,414045.42,Jos,Mobile App,2024-10-28 10:23:14,Ebeano,DEV231,0,39,0,0
TXN00833,CUST8545,7068.06,Ibadan,ATM,2024-09-08 23:43:10,DSTV,DEV867,0,10,0,0
TXN00868,CUST5684,127096.58,Enugu,USSD,2024-10-15 02:19:43,Ebeano,DEV864,0,36,0,0
TXN00036,CUST3130,387579.75,Port Harcourt,ATM,2024-05-26 14:22:17,Shoprite,DEV968,0,0,0,1
TXN00507,CUST9919,139993.7,Jos,ATM,2024-04-26 11:29:58,DSTV,DEV856,0,41,0,0
TXN00407,CUST5091,201425.12,Abuja,Web,2024-08-12 11:02:35,GTBank,DEV272,0,28,0,0
TXN00942,CUST3333,230484.44,Enugu,Web,2024-11-21 13:45:38,MTN,DEV179,0,1,0,0
TXN00853,CUST6651,462954.55,Maiduguri,POS,2024-12-24 16:08:02,Konga,DEV150,0,34,0,0
TXN00087,CUST9280,427823.24,Ibadan,POS,2024-11-07 00:18:46,MTN,DEV299,0,15,0,1
TXN00731,CUST7318,259560.47,Enugu,ATM,2024-02-24 22:49:20,Jumia,DEV707,0,43,0,0
TXN00302,CUST2050,326712.34,Lagos,ATM,2024-03-22 04:25:39,Glo,DEV239,0,48,0,0
TXN00896,CUST5771,411851.22,Ibadan,POS,2024-11-21 18:39:17,Shoprite,DEV214,0,44,0,0
TXN00963,CUST5247,327558.84,Lagos,Web,2024-01-22 14:52:34,Filmhouse,DEV327,0,18,0,0
TXN00986,CUST6230,364367.82,Enugu,POS,2024-08-20 20:23:53,Access Bank,DEV889,0,2,0,0
TXN00318,CUST5642,362095.92,Enugu,Mobile App,2024-12-22 14:24:36,Airtel,DEV714,0,2,0,0
TXN00425,CUST4929,281493.63,Benin City,Web,2024-04-15 15:12:44,MTN,DEV610,1,40,0,0
TXN00066,CUST5751,413073.33,Kano,ATM,2024-05-12 17:00:10,DSTV,DEV895,0,38,0,1
TXN00867,CUST3576,240213.79,Maiduguri,ATM,2024-10-11 17:11:16,Ebeano,DEV527,0,46,0,0
TXN00033,CUST6281,63811.92,Abuja,USSD,2024-04-27 23:39:50,GTBank,DEV456,0,0,0,1
TXN00597,CUST2334,254597.45,Benin City,POS,2024-03-26 21:11:38,MTN,DEV821,0,42,0,0
TXN00030,CUST1405,142785.01,Abuja,USSD,2024-02-22 09:30:06,DSTV,DEV275,0,37,0,1
TXN00800,CUST1562,221184.0,Abuja,Web,2024-03-01 00:04:47,Jumia,DEV709,0,12,0,0
TXN00580,CUST3600,438591.3,Ibadan,Mobile App,2024-09-12 03:24:55,GTBank,DEV660,0,19,0,0
TXN00287,CUST4875,456220.45,Maiduguri,POS,2024-01-23 02:44:14,Filmhouse,DEV747,0,17,0,0
TXN00924,CUST7764,50436.83,Port Harcourt,Mobile App,2024-08-10 09:01:08,Filmhouse,DEV257,0,11,0,0
TXN00163,CUST1582,306152.17,Ibadan,ATM,2024-12-19 20:07:56,Ebeano,DEV748,0,14,0,0
TXN00479,CUST7548,221637.85,Port Harcourt,Web,2024-12-11 10:12:43,GTBank,DEV680,0,1,0,0
TXN00803,CUST7832,407169.91,Kaduna,Web,2024-09-27 13:14:34,Glo,DEV363,0,49,0,0
TXN00325,CUST4409,455454.26,Kano,Mobile App,2024-10-04 07:46:35,MTN,DEV542,0,30,0,0
TXN00519,CUST4128,479632.68,Benin City,Web,2024-08-15 00:11:15,Filmhouse,DEV230,0,10,0,0
TXN00808,CUST1258,93801.96,Port Harcourt,USSD,2024-10-05 23:50:10,GTBank,DEV714,0,45,1,0
TXN00817,CUST9804,451570.83,Jos,Mobile App,2024-07-27 03:27:33,GTBank,DEV154,0,8,0,0
TXN00090,CUST7120,254365.09,Enugu,POS,2024-05-24 03:01:29,GTBank,DEV492,0,39,0,1
TXN00915,CUST1356,421493.73,Abuja,POS,2024-05-06 04:40:08,Airtel,DEV378,1,31,1,0
TXN00777,CUST6212,62636.81,Ibadan,Mobile App,2024-10-18 23:15:01,DSTV,DEV484,0,45,0,0
TXN00494,CUST7993,356159.09,Jos,ATM,2024-05-26 13:07:27,Ebeano,DEV339,0,46,0,0
TXN00897,CUST6101,233166.44,Maiduguri,Web,2024-12-08 03:06:36,DSTV,DEV455,0,6,0,0
TXN00517,CUST3573,990.45,Port Harcourt,POS,2024-01-27 17:55:50,GTBank,DEV166,0,16,0,0
TXN00515,CUST1124,270533.02,Lagos,Web,2024-09-27 02:25:28,Ebeano,DEV433,0,45,0,0
TXN00011,CUST3755,362929.15,Enugu,Mobile App,2024-02-18 01:31:50,Ebeano,DEV416,0,21,0,1
TXN00650,CUST1921,118843.41,Lagos,USSD,2024-12-15 13:57:11,Glo,DEV343,0,19,0,0
TXN00694,CUST7413,340920.26,Ibadan,Mobile App,2024-06-21 19:17:17,DSTV,DEV151,0,16,0,0
TXN00680,CUST8287,124615.37,Enugu,ATM,2024-12-08 23:57:58,Konga,DEV114,0,35,0,0
TXN00103,CUST3625,195145.66,Benin City,Mobile App,2024-09-20 00:25:33,GTBank,DEV748,0,7,0,1
TXN00755,CUST9997,434761.11,Jos,POS,2024-03-21 19:03:33,Glo,DEV639,0,5,0,0
TXN00770,CUST3772,118453.52,Lagos,Mobile App,2024-08-19 02:41:34,Jumia,DEV258,0,50,0,0
TXN00733,CUST3438,258506.14,Abuja,ATM,2024-10-20 20:51:16,Ebeano,DEV651,0,19,0,0
TXN00882,CUST1143,401531.15,Kaduna,Mobile App,2024-01-19 23:17:18,Glo,DEV712,0,16,0,0
TXN00362,CUST4024,126927.92,Lagos,USSD,2024-03-08 18:05:41,Konga,DEV459,0,8,0,0
TXN00312,CUST6959,73301.39,Port Harcourt,ATM,2024-10-13 12:42:42,GTBank,DEV993,0,15,0,0
TXN00098,CUST7825,125054.41,Benin City,ATM,2024-10-16 12:45:09,Filmhouse,DEV327,0,17,0,1
TXN00843,CUST4744,246528.58,Lagos,USSD,2024-01-21 02:57:40,Ebeano,DEV887,0,37,0,0
TXN00020,CUST4901,343007.11,Kano,Mobile App,2024-06-29 10:12:22,Ebeano,DEV988,0,17,0,1
TXN00454,CUST3653,114075.61,Lagos,POS,2024-11-27 04:32:42,GTBank,DEV606,0,30,0,0
TXN00107,CUST5732,195687.08,Ibadan,Mobile App,2024-05-22 00:38:52,DSTV,DEV999,0,20,0,1
TXN00511,CUST9994,452466.59,Benin City,USSD,2024-07-03 19:29:33,Shoprite,DEV100,1,44,0,0
TXN00292,CUST4528,406153.4,Port Harcourt,Mobile App,2024-01-24 04:02:15,GTBank,DEV148,0,5,1,0
TXN00813,CUST5338,416550.27,Port Harcourt,USSD,2024-07-21 03:58:59,DSTV,DEV637,0,28,0,0
TXN00926,CUST1534,242193.5,Port Harcourt,POS,2024-11-16 01:36:00,Airtel,DEV571,0,15,0,0
TXN00239,CUST7258,281743.56,Kano,Mobile App,2024-10-06 11:43:05,Jumia,DEV788,0,45,0,0
TXN00676,CUST4803,64243.62,Abuja,ATM,2024-03-29 08:05:14,Access Bank,DEV398,0,23,0,0
TXN00270,CUST9577,155027.5,Kaduna,Mobile App,2024-10-04 19:27:52,Konga,DEV402,0,35,1,0
TXN00910,CUST9612,101262.66,Lagos,Mobile App,2024-02-15 08:16:14,Ebeano,DEV889,0,40,0,0
TXN00881,CUST3442,106605.61,Jos,USSD,2024-04-20 21:52:52,Glo,DEV636,0,48,0,0
TXN00835,CUST2438,416999.22,Kaduna,Mobile App,2024-09-09 13:57:58,Filmhouse,DEV514,0,18,0,0
TXN00384,CUST8994,252239.52,Port Harcourt,USSD,2024-09-02 11:00:06,MTN,DEV647,0,42,0,0
TXN00871,CUST4607,192848.89,Ibadan,Web,2024-07-23 05:11:00,Filmhouse,DEV443,0,11,0,0
TXN00780,CUST6072,387630.68,Enugu,Web,2024-08-21 23:57:41,Filmhouse,DEV615,0,1,0,0
TXN00537,CUST4104,328302.64,Enugu,Mobile App,2024-11-05 02:26:15,Airtel,DEV710,0,8,0,0
TXN00094,CUST9208,405567.81,Jos,Web,2024-03-26 16:49:11,Konga,DEV729,0,30,1,1
TXN00230,CUST6944,167811.72,Benin City,Web,2024-12-31 00:59:09,Ebeano,DEV589,0,17,0,0
TXN00605,CUST7993,325897.86,Kaduna,POS,2024-12-13 04:43:46,Konga,DEV838,0,36,0,0
TXN00510,CUST2861,71552.5,Enugu,ATM,2024-10-25 06:04:18,Jumia,DEV224,0,26,0,0
TXN00303,CUST4769,83528.6,Ibadan,Mobile App,2024-10-19 01:54:16,Access Bank,DEV436,0,31,1,0
TXN00874,CUST2002,77857.99,Port Harcourt,POS,2024-05-04 12:26:54,Ebeano,DEV580,0,47,0,0
TXN00197,CUST5509,208518.5,Kano,USSD,2024-06-24 10:29:42,Jumia,DEV956,0,9,0,0
TXN00889,CUST1301,243028.18,Port Harcourt,Mobile App,2024-04-29 02:52:57,GTBank,DEV958,0,41,1,0
TXN00729,CUST5977,111616.63,Maiduguri,POS,2024-01-12 10:27:29,MTN,DEV271,0,45,0,0
TXN00402,CUST7763,315293.95,Ibadan,Web,2024-10-08 23:14:33,Ebeano,DEV551,0,42,0,0
TXN00842,CUST9885,197159.58,Kano,Web,2024-12-10 07:59:20,Access Bank,DEV510,0,6,0,0
TXN00037,CUST1826,361027.84,Kano,USSD,2024-04-03 12:30:40,Filmhouse,DEV665,0,15,0,1
TXN00110,CUST1009,256079.2,Ibadan,Mobile App,2024-06-10 10:18:45,DSTV,DEV516,0,13,0,1
TXN00718,CUST4965,83726.2,Enugu,Web,2024-03-31 20:29:43,Shoprite,DEV736,1,10,0,0
TXN00723,CUST8202,50965.25,Jos,POS,2024-02-16 17:58:43,Shoprite,DEV231,0,28,0,0
TXN00893,CUST2702,121389.9,Jos,ATM,2024-04-11 10:34:48,Jumia,DEV933,0,2,0,0
TXN00372,CUST4402,163157.47,Lagos,POS,2024-03-16 15:25:22,GTBank,DEV189,0,47,1,0
TXN00613,CUST5982,426707.34,Port Harcourt,ATM,2024-03-20 12:57:44,Airtel,DEV667,0,38,0,0
TXN00931,CUST4708,260789.37,Kano,Mobile App,2024-02-06 09:16:58,GTBank,DEV544,0,16,0,0
TXN00493,CUST7847,266166.47,Ibadan,USSD,2024-11-11 09:35:29,Glo,DEV458,0,8,0,0
TXN00505,CUST5779,149417.33,Kaduna,POS,2024-04-19 03:53:39,Airtel,DEV342,0,39,0,0
TXN00252,CUST1827,389200.54,Enugu,ATM,2024-12-12 16:57:34,GTBank,DEV442,0,36,0,0
TXN00784,CUST8280,99295.21,Benin City,Mobile App,2024-04-23 03:23:22,Konga,DEV576,0,22,0,0
TXN00559,CUST3220,79012.85,Enugu,USSD,2024-06-27 06:45:42,Airtel,DEV128,0,25,0,0
TXN00527,CUST1068,291616.98,Enugu,ATM,2024-10-09 06:53:37,Shoprite,DEV631,0,19,0,0
TXN00557,CUST6782,325503.18,Benin City,Mobile App,2024-08-01 15:45:08,DSTV,DEV208,0,17,0,0
TXN00688,CUST8937,499816.82,Maiduguri,POS,2024-01-01 08:24:43,Jumia,DEV543,0,32,0,0
TXN00442,CUST1464,211729.87,Enugu,ATM,2024-08-04 11:55:29,DSTV,DEV849,0,29,0,0
TXN00651,CUST9052,217211.56,Port Harcourt,Web,2024-01-21 16:36:20,Airtel,DEV228,0,34,0,0
TXN00410,CUST4823,5471.83,Maiduguri,POS,2024-08-27 10:34:10,Glo,DEV326,0,16,0,0
TXN00821,CUST2414,349773.4,Enugu,POS,2024-09-30 06:55:30,Glo,DEV185,0,37,0,0
TXN00412,CUST6766,37352.75,Lagos,POS,2024-02-07 22:42:15,Filmhouse,DEV985,0,8,0,0
TXN00199,CUST3039,445622.84,Lagos,Mobile App,2024-08-24 00:46:38,Filmhouse,DEV999,0,20,0,0
TXN00408,CUST8663,174479.15,Kaduna,Web,2024-08-30 11:42:38,Ebeano,DEV959,0,26,0,0
TXN00328,CUST8407,131147.68,Port Harcourt,USSD,2024-09-09 07:40:23,DSTV,DEV353,0,46,1,0
TXN00901,CUST6053,198850.37,Port Harcourt,ATM,2024-06-02 21:10:50,Glo,DEV971,0,11,0,0
TXN00188,CUST6641,194297.13,Ibadan,USSD,2024-05-28 23:15:44,Access Bank,DEV421,0,4,0,0
TXN00434,CUST1410,87984.02,Enugu,USSD,2024-02-09 23:44:02,MTN,DEV120,0,21,1,0
TXN00284,CUST7266,369434.39,Ibadan,Mobile App,2024-02-10 02:29:15,Access Bank,DEV863,1,13,0,0
TXN00342,CUST5581,385491.47,Lagos,Web,2024-08-29 06:48:35,MTN,DEV566,0,15,0,0
TXN00578,CUST7492,163351.61,Port Harcourt,Web,2024-02-20 12:59:37,Airtel,DEV379,0,8,0,0
TXN00711,CUST8331,346604.51,Kaduna,ATM,2024-10-02 09:28:07,Ebeano,DEV316,0,36,0,0
TXN00126,CUST8919,50030.15,Jos,USSD,2024-10-24 13:10:50,MTN,DEV768,0,19,0,0
TXN00152,CUST5086,183969.64,Benin City,ATM,2024-09-02 03:43:36,Konga,DEV718,0,19,0,0
TXN00951,CUST8721,246150.41,Maiduguri,ATM,2024-09-01 16:37:16,Airtel,DEV853,0,17,0,0
TXN00618,CUST1372,426887.28,Benin City,POS,2024-09-03 16:46:03,MTN,DEV743,0,20,0,0
TXN00395,CUST8231,388920.48,Port Harcourt,Mobile App,2024-01-25 16:45:20,MTN,DEV765,0,4,0,0
TXN00443,CUST6687,447400.03,Benin City,Web,2024-12-08 08:19:42,MTN,DEV409,0,26,0,0
TXN00154,CUST9789,414058.54,Ibadan,ATM,2024-04-11 04:51:14,Glo,DEV729,0,34,0,0
TXN00177,CUST2284,78034.21,Benin City,POS,2024-09-13 17:32:03,DSTV,DEV587,0,28,0,0
TXN00352,CUST8566,49699.77,Enugu,ATM,2024-06-15 15:06:41,Konga,DEV145,0,4,0,0
TXN00396,CUST5782,265722.11,Ibadan,POS,2024-06-08 07:43:15,DSTV,DEV362,1,42,1,0
TXN00266,CUST8831,450704.28,Lagos,Mobile App,2024-09-21 23:29:16,DSTV,DEV847,0,36,0,0
TXN00828,CUST2390,97292.26,Jos,USSD,2024-06-06 02:31:31,Konga,DEV599,0,32,0,0
TXN00667,CUST5860,299199.14,Kaduna,POS,2024-05-21 05:06:00,Ebeano,DEV703,0,23,0,0
TXN00812,CUST9999,227470.33,Ibadan,USSD,2024-09-18 11:21:30,Shoprite,DEV610,0,43,0,0
TXN00133,CUST1214,371855.61,Ibadan,POS,2024-05-28 08:34:58,Jumia,DEV943,0,38,0,0
TXN00465,CUST9384,324526.96,Maiduguri,POS,2024-03-27 22:31:55,Filmhouse,DEV569,0,34,0,0
TXN00906,CUST9419,313851.17,Port Harcourt,Web,2024-06-02 01:00:45,MTN,DEV347,0,15,0,0
TXN00469,CUST5685,190797.64,Enugu,POS,2024-01-25 19:42:50,Glo,DEV642,0,6,0,0
TXN00570,CUST6354,409271.42,Enugu,Web,2024-07-22 09:07:22,Konga,DEV744,0,3,0,0
TXN00217,CUST7798,258859.31,Enugu,Mobile App,2024-09-06 07:36:45,Shoprite,DEV278,0,6,0,0
TXN00249,CUST8332,166590.06,Jos,USSD,2024-03-26 10:11:36,DSTV,DEV418,0,49,0,0
TXN00666,CUST4013,383670.74,Kaduna,Web,2024-09-06 10:17:44,Jumia,DEV422,0,2,0,0
TXN00376,CUST6471,477157.34,Port Harcourt,Web,2024-02-15 17:22:12,Airtel,DEV463,0,41,0,0
TXN00385,CUST9292,264862.12,Maiduguri,POS,2024-01-02 10:00:32,Glo,DEV108,0,1,0,0
TXN00448,CUST9736,9142.1,Enugu,Mobile App,2024-08-07 22:37:24,Access Bank,DEV615,0,1,0,0
TXN00598,CUST2267,77929.05,Ibadan,Web,2024-05-17 20:10:05,Airtel,DEV818,0,14,0,0
TXN00581,CUST3234,18747.97,Enugu,Web,2024-08-26 00:09:43,Glo,DEV671,0,40,0,0
TXN00523,CUST3459,148679.51,Enugu,POS,2024-07-20 07:05:58,DSTV,DEV379,0,46,0,0
TXN00145,CUST5192,222425.39,Jos,Mobile App,2024-11-27 17:47:51,Konga,DEV797,0,2,0,0
TXN00161,CUST5237,283404.27,Port Harcourt,Web,2024-06-16 03:33:24,Airtel,DEV439,0,32,0,0
TXN00226,CUST7947,397814.85,Ibadan,ATM,2024-06-19 18:16:25,Shoprite,DEV735,0,39,1,0
TXN00936,CUST6556,212234.96,Kano,POS,2024-01-12 17:15:07,MTN,DEV258,0,2,0,0
TXN00019,CUST2901,165207.62,Maiduguri,POS,2024-05-17 04:36:07,Access Bank,DEV298,0,46,0,1
TXN00785,CUST1490,295035.44,Kaduna,Mobile App,2024-02-18 15:20:04,Shoprite,DEV703,0,49,0,0
TXN00014,CUST3544,162455.91,Abuja,ATM,2024-02-05 15:47:56,MTN,DEV673,0,18,0,1
TXN00380,CUST5300,278524.79,Enugu,Web,2024-03-04 04:53:45,Konga,DEV453,0,44,0,0
TXN00839,CUST3811,136387.33,Abuja,ATM,2024-10-28 16:06:40,Jumia,DEV204,0,31,0,0
TXN00549,CUST4608,217574.72,Abuja,Web,2024-12-26 14:05:00,GTBank,DEV457,0,0,0,0
TXN00080,CUST1883,454306.11,Benin City,POS,2024-06-20 11:21:17,Jumia,DEV289,0,10,0,1
TXN00422,CUST8982,11397.03,Kaduna,USSD,2024-01-26 23:05:09,Access Bank,DEV641,0,41,1,0
TXN00712,CUST3028,424155.33,Kaduna,ATM,2024-09-08 00:58:53,Glo,DEV654,0,48,0,0
TXN00716,CUST4223,141992.03,Kaduna,POS,2024-06-16 01:55:59,Access Bank,DEV606,0,27,0,0
TXN00135,CUST7043,90632.57,Abuja,USSD,2024-11-18 00:45:28,Ebeano,DEV915,0,33,0,0
TXN00233,CUST9669,124307.13,Kaduna,POS,2024-10-09 10:32:50,Glo,DEV724,0,29,0,0
TXN00393,CUST1101,287122.08,Jos,Web,2024-07-30 20:32:33,Access Bank,DEV436,0,33,0,0
TXN00006,CUST3947,447415.93,Lagos,Mobile App,2024-05-21 04:50:48,MTN,DEV807,0,37,0,1
TXN00745,CUST5572,133067.08,Port Harcourt,Mobile App,2024-07-27 17:58:42,Airtel,DEV893,0,21,0,0
TXN00617,CUST4781,146774.82,Lagos,Web,2024-04-18 00:49:25,Shoprite,DEV975,0,12,0,0
TXN00069,CUST9992,305065.29,Kaduna,USSD,2024-08-24 22:17:29,MTN,DEV447,0,36,0,1
TXN00946,CUST3767,366686.72,Jos,USSD,2024-12-30 04:56:57,Airtel,DEV344,0,45,1,0
TXN00737,CUST5007,29405.34,Abuja,Web,2024-12-02 23:43:52,Ebeano,DEV142,0,37,0,0
TXN00215,CUST7647,310143.87,Port Harcourt,ATM,2024-04-03 14:20:09,MTN,DEV158,0,38,0,0
TXN00999,CUST1383,141766.39,Kaduna,Mobile App,2024-09-20 15:22:38,MTN,DEV147,1,1,0,0
TXN00488,CUST2980,104210.33,Port Harcourt,Web,2024-12-15 20:49:50,Konga,DEV170,0,12,0,0
TXN00137,CUST2460,379463.41,Kaduna,POS,2024-01-30 03:28:48,Konga,DEV421,0,39,0,0
TXN00532,CUST6301,266830.58,Abuja,Web,2024-10-02 12:43:24,Filmhouse,DEV572,0,47,1,0
TXN00264,CUST8972,87918.87,Abuja,USSD,2024-09-08 09:23:26,DSTV,DEV818,0,45,0,0
TXN00335,CUST5600,483326.34,Lagos,USSD,2024-03-22 22:46:16,Airtel,DEV627,0,18,1,0
TXN00530,CUST2143,34430.7,Maiduguri,ATM,2024-02-09 07:32:27,GTBank,DEV693,0,26,0,0
TXN00708,CUST7491,295.22,Enugu,Mobile App,2024-04-27 19:00:23,Jumia,DEV707,0,15,0,0
TXN00139,CUST1557,480546.6,Port Harcourt,Mobile App,2024-09-22 04:20:17,Filmhouse,DEV676,0,9,0,0
TXN00363,CUST5100,455702.17,Maiduguri,Web,2024-09-11 13:32:10,Glo,DEV221,0,16,0,0
TXN00449,CUST1067,126002.06,Abuja,POS,2024-12-02 22:20:31,Glo,DEV591,0,9,0,0
TXN00144,CUST2188,157530.25,Jos,USSD,2024-08-19 08:25:17,GTBank,DEV809,0,41,0,0
TXN00593,CUST8879,298475.0,Ibadan,USSD,2024-11-19 10:15:48,Shoprite,DEV686,0,34,0,0
TXN00413,CUST6952,241810.6,Lagos,Mobile App,2024-12-19 16:35:04,Ebeano,DEV303,0,23,0,0
TXN00504,CUST1430,149488.42,Jos,USSD,2024-05-26 20:04:13,GTBank,DEV172,0,42,0,0
TXN00156,CUST3746,259981.38,Kaduna,USSD,2024-03-08 13:19:21,Airtel,DEV649,0,14,1,0
TXN00026,CUST1370,31261.95,Enugu,POS,2024-01-11 08:40:02,MTN,DEV158,1,12,0,1
TXN00503,CUST1577,168744.18,Benin City,USSD,2024-09-21 18:01:07,Filmhouse,DEV561,0,25,0,0
TXN00430,CUST3779,359275.88,Ibadan,USSD,2024-10-05 02:02:06,Konga,DEV495,0,20,0,0
TXN00290,CUST7977,259792.66,Port Harcourt,Mobile App,2024-07-10 17:45:30,MTN,DEV946,0,21,0,0
TXN00240,CUST4680,53832.99,Benin City,POS,2024-06-22 16:03:24,Glo,DEV425,0,49,0,0
TXN00143,CUST6658,1920.49,Enugu,POS,2024-10-29 12:57:12,GTBank,DEV639,0,50,0,0
TXN00863,CUST4970,300495.36,Lagos,USSD,2024-01-21 11:30:24,Konga,DEV350,0,25,0,0
TXN00624,CUST5158,73681.38,Kano,Web,2024-04-13 20:40:01,DSTV,DEV250,1,38,1,0
TXN00686,CUST9034,62528.85,Lagos,Web,2024-02-03 06:41:52,Access Bank,DEV122,0,23,0,0
TXN00462,CUST3827,179171.73,Ibadan,USSD,2024-12-19 03:12:57,GTBank,DEV416,0,29,0,0
TXN00832,CUST1364,304356.67,Kano,Mobile App,2024-12-21 04:50:47,GTBank,DEV595,0,47,0,0
TXN00057,CUST9713,341247.95,Lagos,Mobile App,2024-07-25 20:14:57,Ebeano,DEV843,0,13,0,1
TXN00586,CUST4409,51932.05,Kano,POS,2024-04-11 12:30:39,DSTV,DEV989,0,13,0,0
TXN00388,CUST5052,231176.08,Port Harcourt,POS,2024-02-08 13:41:54,Jumia,DEV628,0,9,0,0
TXN00331,CUST6906,102237.62,Port Harcourt,ATM,2024-10-26 09:22:25,Access Bank,DEV653,0,14,0,0
TXN00414,CUST9305,480374.42,Kano,Web,2024-12-18 00:07:14,DSTV,DEV660,0,40,0,0
TXN00171,CUST2759,451648.72,Jos,Mobile App,2024-06-14 00:26:15,Shoprite,DEV292,0,38,0,0
TXN00869,CUST1532,381130.24,Maiduguri,POS,2024-08-21 19:44:15,MTN,DEV213,0,38,0,0
TXN00836,CUST8981,1093.82,Kano,Web,2024-11-01 06:05:48,MTN,DEV560,0,2,0,0
TXN00382,CUST1969,141265.21,Maiduguri,Mobile App,2024-04-04 19:53:51,Filmhouse,DEV821,0,4,0,0
TXN00123,CUST7679,354900.62,Kaduna,POS,2024-06-20 02:05:30,Airtel,DEV565,0,50,1,0
TXN00259,CUST7108,39452.45,Maiduguri,ATM,2024-10-19 03:02:49,Access Bank,DEV680,0,11,0,0
TXN00852,CUST7547,186264.88,Kaduna,POS,2024-07-13 01:10:19,Jumia,DEV780,0,49,1,0
TXN00778,CUST7943,19386.19,Ibadan,Web,2024-12-25 21:29:22,Jumia,DEV252,0,45,1,0
TXN00932,CUST1424,469862.53,Abuja,Web,2024-03-05 02:45:36,Konga,DEV837,0,21,0,0
TXN00186,CUST8655,27165.34,Enugu,ATM,2024-09-02 16:11:45,GTBank,DEV988,0,0,0,0
TXN00971,CUST5936,448263.08,Enugu,POS,2024-02-21 21:49:17,Filmhouse,DEV744,0,39,0,0
TXN00927,CUST3183,73973.02,Enugu,ATM,2024-11-21 00:34:25,Access Bank,DEV874,0,46,0,0
TXN00203,CUST8081,433641.6,Kaduna,USSD,2024-10-28 13:43:35,Glo,DEV471,0,8,0,0
TXN00633,CUST9399,149472.34,Ibadan,Web,2024-04-05 19:34:29,DSTV,DEV364,0,32,0,0
TXN00657,CUST5090,284357.68,Port Harcourt,Web,2024-06-10 04:38:20,Filmhouse,DEV966,0,15,0,0
TXN00646,CUST7081,377639.27,Port Harcourt,Mobile App,2024-07-03 05:35:33,GTBank,DEV779,0,4,0,0
TXN00409,CUST6440,314278.99,Port Harcourt,POS,2024-07-27 20:13:45,Glo,DEV721,0,36,0,0
TXN00683,CUST4608,450674.41,Port Harcourt,USSD,2024-08-08 16:03:44,Ebeano,DEV522,0,37,0,0
TXN00368,CUST7644,109645.96,Kaduna,Web,2024-01-17 00:33:53,Ebeano,DEV325,0,14,0,0
TXN00063,CUST9787,152226.98,Kaduna,Web,2024-07-02 02:18:16,Access Bank,DEV319,0,19,0,1
TXN00487,CUST8922,364298.1,Maiduguri,USSD,2024-02-25 15:05:06,DSTV,DEV523,0,16,0,0
TXN00928,CUST4676,1614.65,Maiduguri,Mobile App,2024-07-25 12:25:12,GTBank,DEV589,0,21,0,0
TXN00116,CUST2464,172351.22,Enugu,POS,2024-06-01 07:25:08,Shoprite,DEV235,0,4,0,1
TXN00566,CUST8689,183263.14,Maiduguri,Web,2024-07-29 01:28:40,Glo,DEV136,0,44,0,0
TXN00834,CUST1870,115488.59,Ibadan,Web,2024-03-10 02:01:47,MTN,DEV290,0,43,0,0
TXN00622,CUST3294,197233.28,Lagos,USSD,2024-05-30 06:46:06,Glo,DEV559,0,45,0,0
TXN00811,CUST9054,347281.32,Benin City,USSD,2024-12-12 01:18:23,Access Bank,DEV522,0,13,0,0
TXN00213,CUST8981,89535.19,Ibadan,USSD,2024-09-23 10:27:47,Ebeano,DEV942,0,14,0,0
TXN00744,CUST4878,302614.78,Maiduguri,Mobile App,2024-06-01 15:02:45,DSTV,DEV544,0,29,0,0
TXN00629,CUST1830,217334.4,Jos,Mobile App,2024-03-12 20:50:47,Ebeano,DEV842,0,19,0,0
TXN00555,CUST6307,242571.17,Ibadan,USSD,2024-06-17 23:47:50,Filmhouse,DEV507,0,20,0,0
TXN00698,CUST8306,41067.93,Abuja,Web,2024-07-19 10:57:59,DSTV,DEV695,0,22,0,0
TXN00753,CUST1520,228999.42,Kano,Web,2024-04-24 02:08:53,Access Bank,DEV515,0,13,0,0
TXN00546,CUST1055,447634.46,Kaduna,USSD,2024-01-29 11:50:10,Shoprite,DEV347,0,5,0,0
TXN00489,CUST6665,123185.0,Port Harcourt,Web,2024-03-01 04:59:39,Airtel,DEV734,0,13,0,0
TXN00588,CUST2392,330525.23,Ibadan,POS,2024-04-26 12:09:50,DSTV,DEV566,0,18,0,0
TXN00920,CUST8598,495486.17,Maiduguri,USSD,2024-10-05 12:56:20,Ebeano,DEV477,0,32,0,0
TXN00219,CUST8066,186088.81,Benin City,Web,2024-02-12 15:49:43,Shoprite,DEV849,0,25,0,0
TXN00142,CUST2829,4805.72,Abuja,ATM,2024-06-14 10:08:16,DSTV,DEV569,0,21,0,0
TXN00324,CUST6900,132284.48,Jos,Mobile App,2024-08-05 06:41:27,Shoprite,DEV985,0,16,0,0
TXN00668,CUST9696,480251.01,Benin City,Web,2024-03-06 09:06:14,Jumia,DEV772,0,43,0,0
TXN00556,CUST3664,102290.0,Lagos,POS,2024-10-21 03:42:43,MTN,DEV698,0,30,0,0
TXN00463,CUST8041,36255.63,Maiduguri,Web,2024-08-10 20:19:58,Ebeano,DEV536,0,39,0,0
TXN00492,CUST9421,45163.72,Ibadan,Mobile App,2024-05-19 20:46:06,GTBank,DEV750,0,22,0,0
TXN00339,CUST6429,83190.2,Kano,USSD,2024-07-07 11:52:19,Airtel,DEV303,0,15,0,0
TXN00269,CUST1785,8275.39,Jos,POS,2024-02-09 20:57:33,MTN,DEV603,0,34,0,0
TXN00721,CUST8316,54895.87,Kaduna,Mobile App,2024-11-27 21:48:45,Konga,DEV826,0,22,0,0
TXN00909,CUST5492,102844.1,Jos,POS,2024-09-09 03:20:37,MTN,DEV179,0,0,0,0
TXN00295,CUST6932,393839.66,Ibadan,ATM,2024-01-11 18:24:52,Glo,DEV749,0,13,0,0
TXN00950,CUST4773,103680.43,Enugu,POS,2024-06-15 17:51:10,Shoprite,DEV860,0,29,0,0
TXN00860,CUST1798,351818.12,Lagos,POS,2024-02-17 01:49:07,Konga,DEV637,0,7,0,0
TXN00799,CUST4808,265689.92,Benin City,Mobile App,2024-08-06 19:33:31,Ebeano,DEV145,0,28,0,0
TXN00602,CUST9894,145572.86,Enugu,USSD,2024-08-28 15:45:49,Airtel,DEV840,0,40,0,0
TXN00238,CUST5013,61771.52,Benin City,ATM,2024-07-06 10:35:09,Jumia,DEV114,0,0,0,0
TXN00805,CUST2535,315377.04,Enugu,POS,2024-02-21 08:37:30,Konga,DEV576,0,22,0,0
TXN00730,CUST3691,328085.25,Ibadan,ATM,2024-12-01 20:53:04,MTN,DEV229,0,18,0,0
TXN00047,CUST8408,143032.42,Jos,Mobile App,2024-11-11 07:06:35,Filmhouse,DEV324,0,25,0,1
TXN00031,CUST9735,297676.72,Kano,USSD,2024-06-05 23:43:08,Access Bank,DEV414,0,38,0,1
TXN00301,CUST7728,375276.61,Abuja,POS,2024-10-06 21:49:06,Filmhouse,DEV497,0,41,0,0
TXN00957,CUST6675,396354.0,Maiduguri,Web,2024-09-27 05:26:17,DSTV,DEV504,0,50,0,0
TXN00891,CUST3411,327672.68,Lagos,ATM,2024-07-29 16:03:26,Glo,DEV351,0,21,0,0
TXN00065,CUST1728,52829.62,Kaduna,POS,2024-03-23 19:47:47,DSTV,DEV357,0,32,0,1
TXN00701,CUST8783,475406.69,Ibadan,USSD,2024-03-08 02:45:44,MTN,DEV365,0,6,0,0
TXN00326,CUST6541,446405.09,Kaduna,POS,2024-04-08 01:25:20,Konga,DEV606,0,38,0,0
TXN00788,CUST4906,401244.5,Port Harcourt,ATM,2024-10-09 01:03:12,Ebeano,DEV166,0,36,0,0
TXN00340,CUST6466,387695.61,Jos,ATM,2024-11-21 07:01:02,Glo,DEV593,0,14,0,0
TXN00405,CUST8515,254834.83,Port Harcourt,ATM,2024-11-29 18:08:36,Glo,DEV491,0,10,0,0
TXN00734,CUST3856,421382.15,Kaduna,Mobile App,2024-04-02 14:47:52,GTBank,DEV369,0,27,0,0
TXN00981,CUST9296,434472.89,Jos,Mobile App,2024-01-15 15:52:46,Shoprite,DEV346,0,49,0,0
TXN00223,CUST6703,1367.52,Jos,Web,2024-01-10 08:58:30,Shoprite,DEV530,0,44,1,0
TXN00329,CUST6069,465100.39,Abuja,Web,2024-04-13 04:15:22,Glo,DEV115,0,45,0,0
TXN00966,CUST9897,214344.86,Kano,Mobile App,2024-08-03 19:35:01,Filmhouse,DEV908,0,13,0,0
TXN00228,CUST3262,63333.55,Abuja,POS,2024-08-06 02:53:34,Konga,DEV685,0,28,0,0
TXN00782,CUST4755,324509.96,Abuja,Mobile App,2024-07-19 21:56:14,GTBank,DEV580,0,27,0,0
TXN00404,CUST8511,321775.86,Maiduguri,USSD,2024-01-24 23:46:21,Konga,DEV491,0,13,0,0
TXN00016,CUST4182,281537.81,Lagos,Mobile App,2024-11-29 18:08:17,Filmhouse,DEV230,0,12,0,1
TXN00972,CUST4650,376791.37,Benin City,ATM,2024-01-26 10:07:20,GTBank,DEV747,0,5,0,0
TXN00681,CUST2430,364111.09,Maiduguri,Web,2024-08-31 06:25:09,GTBank,DEV108,0,37,0,0
TXN00400,CUST3461,274110.63,Jos,POS,2024-10-07 05:02:53,Glo,DEV461,0,41,1,0
TXN00706,CUST8613,49115.67,Kano,Mobile App,2024-10-20 07:04:33,Ebeano,DEV122,0,17,0,0
TXN00534,CUST5059,437085.34,Jos,POS,2024-08-30 00:00:45,Airtel,DEV353,0,24,0,0
TXN00789,CUST6333,286597.96,Maiduguri,Mobile App,2024-04-30 17:47:28,Glo,DEV442,0,45,0,0
TXN00536,CUST3285,62292.21,Lagos,Web,2024-01-04 12:52:42,Konga,DEV825,0,15,0,0
TXN00038,CUST6031,301324.98,Lagos,USSD,2024-04-29 18:28:30,DSTV,DEV713,0,37,0,1
TXN00526,CUST4676,414870.9,Jos,USSD,2024-06-12 18:40:00,MTN,DEV582,0,47,0,0
TXN00431,CUST8243,412337.97,Lagos,USSD,2024-06-03 11:47:55,MTN,DEV824,0,23,0,0
TXN00179,CUST3087,80782.99,Lagos,Mobile App,2024-02-02 18:29:16,GTBank,DEV226,0,10,0,0
TXN00872,CUST4413,242100.82,Benin City,ATM,2024-06-19 18:56:30,MTN,DEV412,0,24,0,0
TXN00070,CUST8686,436605.69,Benin City,USSD,2024-09-22 05:58:49,Konga,DEV101,0,1,0,1
TXN00958,CUST3322,10740.8,Maiduguri,POS,2024-03-30 21:37:35,Airtel,DEV659,0,4,0,0
TXN00001,CUST2056,466089.63,Jos,Web,2024-09-30 02:09:57,Access Bank,DEV138,0,47,0,1
TXN00547,CUST6830,227175.77,Jos,Web,2024-12-21 01:04:54,GTBank,DEV219,0,50,0,0
TXN00553,CUST2149,335519.61,Lagos,POS,2024-12-22 07:10:45,Konga,DEV726,0,28,0,0
TXN00040,CUST5082,258914.09,Benin City,USSD,2024-05-16 06:46:19,Glo,DEV374,0,15,1,1
TXN00073,CUST8089,377140.89,Benin City,Mobile App,2024-07-11 23:05:50,Access Bank,DEV396,0,18,0,1
TXN00141,CUST5015,252930.26,Benin City,POS,2024-04-18 13:03:13,Jumia,DEV159,0,1,0,0
TXN00895,CUST5664,337005.99,Kaduna,Web,2024-06-15 13:41:27,Konga,DEV299,0,11,0,0
TXN00311,CUST2951,196762.21,Abuja,Web,2024-02-03 17:08:31,MTN,DEV664,1,50,0,0
TXN00025,CUST4756,244578.16,Benin City,POS,2024-10-09 12:04:53,MTN,DEV402,0,49,0,1
TXN00418,CUST3807,283203.38,Lagos,USSD,2024-07-31 17:57:30,DSTV,DEV414,0,0,0,0
TXN00336,CUST8131,129339.18,Enugu,USSD,2024-11-19 20:11:53,Airtel,DEV243,0,39,0,0
TXN00490,CUST2092,266219.58,Benin City,Web,2024-06-30 02:08:31,Ebeano,DEV327,0,41,0,0
TXN00234,CUST2770,68514.76,Kano,Mobile App,2024-06-27 10:04:30,Filmhouse,DEV747,1,5,0,0
TXN00193,CUST5972,200982.43,Abuja,USSD,2024-02-01 10:40:41,Ebeano,DEV649,0,30,1,0
TXN00543,CUST3407,267644.6,Enugu,POS,2024-09-14 05:53:45,Ebeano,DEV700,0,12,0,0
TXN00583,CUST5797,14312.6,Enugu,Web,2024-05-05 16:03:13,Airtel,DEV213,0,32,1,0
TXN00251,CUST8831,5391.42,Kaduna,ATM,2024-04-15 00:07:43,Filmhouse,DEV547,0,47,0,0
TXN00348,CUST9943,108758.1,Maiduguri,USSD,2024-05-08 11:17:00,GTBank,DEV923,0,4,0,0
TXN00119,CUST3235,73390.21,Jos,Mobile App,2024-01-14 18:21:15,MTN,DEV644,0,28,1,1
TXN00420,CUST3455,463741.75,Lagos,USSD,2024-10-15 00:30:42,Ebeano,DEV848,0,13,0,0
TXN00457,CUST3944,239859.79,Ibadan,Mobile App,2024-07-17 09:49:36,MTN,DEV431,0,26,0,0
TXN00115,CUST7683,161419.16,Enugu,Mobile App,2024-02-15 20:31:54,DSTV,DEV559,0,10,0,1
TXN00064,CUST1049,379905.11,Ibadan,Mobile App,2024-09-24 12:30:15,Shoprite,DEV967,0,3,0,1
TXN00394,CUST2832,499341.0,Benin City,ATM,2024-09-08 10:40:25,Glo,DEV479,0,6,0,0
TXN00759,CUST9425,245581.02,Abuja,USSD,2024-01-09 21:24:53,Airtel,DEV368,0,10,0,0
TXN00076,CUST5983,161303.57,Kaduna,ATM,2024-05-18 06:32:01,Access Bank,DEV224,0,47,0,1
TXN00674,CUST2967,111666.57,Maiduguri,POS,2024-06-08 02:27:58,Konga,DEV715,0,3,0,0
TXN00918,CUST4157,302382.11,Enugu,ATM,2024-09-08 09:49:22,DSTV,DEV613,0,36,0,0
TXN00902,CUST8034,1716.19,Lagos,ATM,2024-07-18 21:19:33,Jumia,DEV470,0,11,0,0
TXN00756,CUST7515,225763.01,Abuja,ATM,2024-06-26 20:41:18,GTBank,DEV389,0,23,0,0
TXN00691,CUST7107,485972.61,Ibadan,Web,2024-07-03 14:26:57,Filmhouse,DEV860,0,35,0,0
TXN00671,CUST8167,348575.19,Maiduguri,POS,2024-02-17 00:54:16,Access Bank,DEV289,0,13,0,0
TXN00620,CUST2284,120000.57,Kano,Mobile App,2024-10-18 19:38:01,Airtel,DEV555,0,10,0,0
TXN00626,CUST6262,369476.15,Kano,Web,2024-12-12 01:55:23,Jumia,DEV327,0,10,0,0
TXN00807,CUST2542,172983.53,Enugu,Mobile App,2024-10-21 16:16:42,MTN,DEV406,0,30,0,0
TXN00275,CUST7217,28799.54,Enugu,USSD,2024-11-17 06:09:42,GTBank,DEV107,0,49,1,0
TXN00437,CUST9859,409959.82,Kano,USSD,2024-03-14 16:22:51,GTBank,DEV849,0,30,0,0
TXN00773,CUST6259,295814.12,Benin City,USSD,2024-10-08 02:59:23,Jumia,DEV412,0,26,0,0
TXN00736,CUST7768,110224.82,Maiduguri,ATM,2024-06-04 08:08:19,GTBank,DEV385,0,42,0,0
TXN00436,CUST5296,364590.09,Enugu,USSD,2024-03-06 03:40:07,Konga,DEV176,0,10,0,0
TXN00212,CUST9911,171265.48,Maiduguri,Mobile App,2024-02-11 17:33:23,Airtel,DEV370,0,39,0,0
TXN00364,CUST9275,12829.67,Kaduna,ATM,2024-09-21 13:53:27,Glo,DEV575,1,33,1,0
TXN00604,CUST3437,246396.69,Kaduna,ATM,2024-10-31 18:21:59,Access Bank,DEV466,0,48,0,0
TXN00053,CUST3163,3379.38,Jos,Mobile App,2024-06-10 10:18:21,Glo,DEV445,0,9,0,1
TXN00964,CUST8150,62001.69,Abuja,Web,2024-09-28 02:37:36,Filmhouse,DEV823,0,8,0,0
TXN00389,CUST2760,6156.57,Abuja,USSD,2024-07-18 09:52:34,Konga,DEV351,0,24,0,0
TXN00021,CUST9478,127580.56,Benin City,USSD,2024-05-01 09:33:23,MTN,DEV442,0,17,0,1
TXN00700,CUST2298,230465.13,Benin City,USSD,2024-02-24 04:11:18,GTBank,DEV252,0,36,0,0
TXN00591,CUST3336,396865.6,Abuja,Mobile App,2024-01-14 07:20:12,Konga,DEV210,0,12,0,0
TXN00500,CUST3111,461351.18,Ibadan,USSD,2024-11-22 06:02:35,GTBank,DEV420,0,3,1,0
TXN00279,CUST4205,444866.2,Kano,Web,2024-08-13 05:49:39,Filmhouse,DEV665,0,27,0,0
TXN00677,CUST1279,206116.23,Port Harcourt,POS,2024-10-31 06:46:36,DSTV,DEV793,0,30,0,0
TXN00922,CUST6181,8885.46,Abuja,Web,2024-01-29 08:02:36,Airtel,DEV902,1,7,0,0
TXN00949,CUST3627,150674.03,Benin City,USSD,2024-08-19 18:52:46,MTN,DEV864,0,21,0,0
TXN00299,CUST9209,307487.47,Benin City,ATM,2024-05-24 23:42:58,Ebeano,DEV893,0,49,0,0
TXN00162,CUST4332,78884.49,Lagos,Mobile App,2024-11-15 09:32:32,Airtel,DEV741,0,26,0,0
TXN00343,CUST7174,414569.46,Jos,ATM,2024-10-22 23:50:22,Shoprite,DEV251,0,29,0,0
TXN00305,CUST3276,128994.69,Jos,POS,2024-03-20 14:01:15,Glo,DEV854,0,8,0,0
TXN00379,CUST3450,358434.88,Maiduguri,ATM,2024-11-04 20:23:05,Jumia,DEV542,0,41,0,0
TXN00498,CUST9312,411368.17,Ibadan,Mobile App,2024-09-26 00:33:33,Glo,DEV902,0,7,0,0
TXN00049,CUST2836,43597.21,Jos,Mobile App,2024-05-07 01:38:40,GTBank,DEV349,0,37,1,1
TXN00628,CUST8025,50404.65,Ibadan,Mobile App,2024-01-08 09:47:27,Ebeano,DEV819,0,31,0,0
TXN00191,CUST4081,117066.97,Ibadan,ATM,2024-12-08 02:29:05,Airtel,DEV773,0,25,1,0
TXN00757,CUST3049,251646.47,Kano,USSD,2024-11-19 11:26:56,Jumia,DEV242,0,19,0,0
TXN00314,CUST6631,174613.58,Maiduguri,POS,2024-12-16 14:43:06,GTBank,DEV257,1,46,0,0
TXN00109,CUST5259,185891.52,Port Harcourt,ATM,2024-06-27 16:33:05,Jumia,DEV930,0,49,0,1
TXN00355,CUST8923,414914.56,Ibadan,Web,2024-12-25 03:24:28,Ebeano,DEV351,0,38,1,0
TXN00403,CUST1899,165446.51,Kaduna,USSD,2024-09-12 04:41:08,Konga,DEV107,0,7,0,0
TXN00289,CUST4572,266014.63,Maiduguri,USSD,2024-12-09 13:04:25,Konga,DEV116,0,4,0,0
TXN00886,CUST1456,166284.14,Port Harcourt,USSD,2024-03-05 19:42:39,Jumia,DEV712,0,28,0,0
TXN00421,CUST1220,316689.84,Port Harcourt,USSD,2024-04-12 10:06:05,Access Bank,DEV281,0,2,0,0
TXN00189,CUST6158,252854.98,Benin City,POS,2024-09-10 00:09:47,Filmhouse,DEV803,0,41,0,0
TXN00317,CUST3877,139181.58,Port Harcourt,USSD,2024-08-15 14:25:13,Access Bank,DEV299,0,28,0,0
TXN00665,CUST2583,69424.32,Port Harcourt,ATM,2024-05-28 09:49:21,Filmhouse,DEV866,0,49,1,0
TXN00841,CUST8448,272821.57,Lagos,USSD,2024-07-16 14:53:41,Airtel,DEV980,0,9,0,0
TXN00088,CUST7191,332486.32,Jos,POS,2024-02-22 06:25:43,Glo,DEV377,0,42,0,1
TXN00481,CUST5425,135175.59,Kano,Web,2024-07-05 17:43:59,Konga,DEV259,0,43,0,0
TXN00319,CUST7978,492790.23,Kano,USSD,2024-07-15 04:59:40,Filmhouse,DEV759,0,32,0,0
TXN00589,CUST4417,349710.65,Port Harcourt,POS,2024-12-18 01:21:55,GTBank,DEV468,0,30,0,0
TXN00945,CUST4788,220089.2,Abuja,POS,2024-03-29 03:55:21,Airtel,DEV815,0,35,0,0
TXN00948,CUST3749,101421.05,Enugu,ATM,2024-01-26 16:49:01,Filmhouse,DEV657,0,46,0,0
TXN00009,CUST2210,79023.23,Lagos,POS,2024-07-02 08:22:58,Filmhouse,DEV437,0,33,0,1
TXN00579,CUST2206,230684.6,Ibadan,Mobile App,2024-09-10 23:07:52,Jumia,DEV681,0,11,0,0
TXN00359,CUST7011,402562.11,Enugu,Mobile App,2024-01-30 09:06:58,Glo,DEV527,0,49,1,0
TXN00542,CUST3872,67481.07,Enugu,Mobile App,2024-07-29 08:36:42,MTN,DEV490,0,45,0,0
TXN00484,CUST7961,413158.24,Port Harcourt,POS,2024-10-27 02:01:32,Konga,DEV467,0,32,0,0
TXN00590,CUST7915,440035.65,Jos,POS,2024-01-31 09:52:17,GTBank,DEV245,0,47,0,0
TXN00984,CUST5610,337442.74,Ibadan,Mobile App,2024-08-19 12:34:43,Konga,DEV641,0,32,0,0
TXN00451,CUST7893,331120.94,Ibadan,Web,2024-05-20 17:05:17,Ebeano,DEV701,0,39,0,0
TXN00207,CUST7666,337254.8,Abuja,USSD,2024-12-28 09:45:13,Airtel,DEV738,0,21,0,0
TXN00766,CUST4959,409940.79,Kano,USSD,2024-04-22 18:24:00,Ebeano,DEV697,0,16,0,0
TXN00762,CUST5376,276353.92,Kano,POS,2024-01-12 14:51:56,Ebeano,DEV613,0,32,0,0
TXN00943,CUST1246,62639.8,Kaduna,USSD,2024-09-14 15:16:11,DSTV,DEV814,0,10,0,0
TXN00844,CUST6487,471201.66,Ibadan,USSD,2024-05-24 00:57:00,Ebeano,DEV991,0,47,0,0
TXN00267,CUST5378,404029.7,Jos,ATM,2024-08-02 04:25:14,Konga,DEV404,0,47,0,0
TXN00774,CUST3922,233939.93,Jos,Mobile App,2024-11-17 07:55:38,Airtel,DEV825,0,15,0,0
TXN00196,CUST7117,226245.56,Port Harcourt,Web,2024-11-07 07:13:41,Airtel,DEV777,0,3,0,0
TXN00658,CUST8664,197949.81,Abuja,ATM,2024-12-07 12:58:12,Access Bank,DEV196,0,31,0,0
TXN00105,CUST9815,35879.37,Port Harcourt,Mobile App,2024-03-21 21:56:05,Shoprite,DEV649,0,27,0,1
TXN00260,CUST4425,286833.54,Ibadan,Mobile App,2024-06-08 19:24:29,GTBank,DEV488,0,22,0,0
TXN00540,CUST5406,188873.56,Lagos,Mobile App,2024-07-01 18:22:13,GTBank,DEV139,0,7,0,0
TXN00696,CUST8596,352319.25,Enugu,Mobile App,2024-01-26 13:57:20,DSTV,DEV786,0,14,0,0
TXN00344,CUST9825,490405.66,Kano,Web,2024-10-15 06:54:31,Jumia,DEV164,0,5,1,0
TXN00771,CUST2628,127329.07,Abuja,USSD,2024-03-19 14:08:44,Jumia,DEV232,0,34,0,0
TXN00965,CUST4292,39788.88,Jos,USSD,2024-06-03 04:47:06,Glo,DEV484,0,8,0,0
TXN00685,CUST3765,483079.82,Enugu,Web,2024-09-14 10:03:45,MTN,DEV427,0,28,0,0
TXN00786,CUST3459,282155.08,Port Harcourt,USSD,2024-09-15 12:09:50,Ebeano,DEV469,0,8,0,0
TXN00042,CUST3093,284839.31,Jos,USSD,2024-08-11 10:04:48,Glo,DEV611,0,36,0,1
TXN00078,CUST6441,215724.31,Abuja,Web,2024-12-16 21:35:13,Filmhouse,DEV254,0,36,0,1
TXN00857,CUST6926,459681.25,Port Harcourt,Web,2024-05-10 00:10:51,Konga,DEV380,0,8,1,0
TXN00136,CUST6494,76488.99,Kaduna,POS,2024-03-31 06:59:56,Access Bank,DEV499,0,34,0,0
TXN00962,CUST6735,419694.48,Maiduguri,ATM,2024-04-21 14:52:59,Airtel,DEV322,0,6,0,0
TXN00003,CUST2658,205862.28,Kano,USSD,2024-03-21 06:25:26,Konga,DEV561,0,7,0,1
TXN00574,CUST2825,120747.55,Jos,USSD,2024-07-21 15:06:32,Filmhouse,DEV130,0,50,0,0
TXN00614,CUST9604,221592.59,Kano,USSD,2024-12-11 04:28:33,Airtel,DEV783,0,50,0,0
TXN00357,CUST6282,496353.62,Port Harcourt,USSD,2024-01-06 04:12:53,Jumia,DEV902,0,27,1,0
TXN00776,CUST6242,23087.48,Ibadan,Mobile App,2024-12-30 20:27:58,Konga,DEV845,0,22,0,0
TXN00741,CUST4935,265145.59,Maiduguri,Web,2024-02-13 02:28:38,Shoprite,DEV125,0,39,0,0
TXN00035,CUST6538,253565.2,Kaduna,POS,2024-03-07 04:40:25,MTN,DEV802,0,26,0,1
TXN00975,CUST2433,295347.69,Kano,Web,2024-09-01 15:33:25,Airtel,DEV767,0,10,0,0
TXN00772,CUST4773,450126.12,Ibadan,Web,2024-11-08 23:14:22,MTN,DEV530,0,19,0,0
TXN00423,CUST7423,397751.27,Abuja,POS,2024-06-24 20:01:31,Airtel,DEV924,0,45,0,0
TXN00392,CUST4166,95543.2,Port Harcourt,ATM,2024-02-25 13:23:08,Jumia,DEV285,0,36,1,0
TXN00480,CUST4156,397834.05,Benin City,POS,2024-01-17 18:47:40,Ebeano,DEV814,0,25,0,0
TXN00830,CUST9712,21323.98,Ibadan,USSD,2024-11-05 17:34:36,Ebeano,DEV982,0,8,0,0
TXN00747,CUST8785,273637.18,Kaduna,USSD,2024-04-14 15:54:08,Access Bank,DEV264,0,2,0,0
TXN00728,CUST2952,20481.96,Enugu,POS,2024-11-29 06:31:22,Jumia,DEV626,0,30,0,0
TXN00548,CUST5044,128111.36,Maiduguri,Mobile App,2024-06-25 21:35:22,MTN,DEV967,0,6,1,0
TXN00472,CUST6480,172595.49,Enugu,POS,2024-11-15 19:45:55,Ebeano,DEV268,0,11,0,0
TXN00341,CUST6414,190603.97,Lagos,POS,2024-04-12 12:27:04,Jumia,DEV360,0,5,0,0
TXN00675,CUST9507,496259.12,Benin City,USSD,2024-07-07 07:35:07,Shoprite,DEV500,0,21,0,0
TXN00471,CUST7212,367371.56,Abuja,Mobile App,2024-11-30 12:44:05,GTBank,DEV558,1,48,0,0
TXN00496,CUST5427,495111.05,Port Harcourt,Web,2024-01-08 03:37:40,DSTV,DEV363,0,34,0,0
TXN00810,CUST8274,495428.33,Enugu,ATM,2024-08-21 14:10:55,DSTV,DEV123,0,34,0,0
TXN00763,CUST3623,321949.54,Ibadan,Web,2024-03-18 02:20:58,DSTV,DEV946,1,8,0,0
TXN00022,CUST4430,222772.76,Ibadan,Mobile App,2024-10-23 20:55:00,Ebeano,DEV183,0,30,0,1
TXN00283,CUST1723,438410.41,Ibadan,USSD,2024-09-30 20:26:31,Jumia,DEV789,0,38,0,0
TXN00399,CUST3845,404388.99,Lagos,ATM,2024-02-07 20:46:38,Ebeano,DEV848,0,20,1,0
TXN00561,CUST8651,39346.59,Kano,Web,2024-11-12 07:54:30,DSTV,DEV197,0,42,0,0
TXN00720,CUST1866,85199.21,Kaduna,POS,2024-06-07 23:57:19,Shoprite,DEV801,0,44,0,0
TXN00378,CUST9604,464088.46,Ibadan,POS,2024-09-26 17:17:42,Access Bank,DEV399,0,5,0,0
TXN00637,CUST3481,128223.04,Lagos,ATM,2024-02-09 02:54:31,Access Bank,DEV628,0,11,0,0
TXN00276,CUST9477,467948.01,Jos,USSD,2024-10-27 14:04:29,DSTV,DEV489,0,16,0,0
TXN00768,CUST8659,3954.99,Kano,Mobile App,2024-08-01 21:28:24,Jumia,DEV443,0,9,0,0
TXN00032,CUST1232,381481.97,Kano,Mobile App,2024-04-24 23:36:03,Shoprite,DEV217,0,26,0,1
TXN00917,CUST4363,257176.66,Maiduguri,Web,2024-11-29 06:05:45,Jumia,DEV467,0,36,1,0
TXN00497,CUST6251,101162.14,Jos,Web,2024-12-20 17:11:45,Access Bank,DEV246,0,36,0,0
TXN00514,CUST7421,454410.96,Kano,ATM,2024-01-20 16:59:22,Airtel,DEV217,0,5,0,0
TXN00538,CUST6381,38801.25,Port Harcourt,ATM,2024-12-23 21:40:04,GTBank,DEV321,0,2,0,0
TXN00609,CUST7510,163307.53,Abuja,Mobile App,2024-01-20 08:09:42,DSTV,DEV918,0,15,0,0
TXN00792,CUST6958,391662.73,Benin City,USSD,2024-06-19 02:12:22,MTN,DEV873,0,3,0,0
TXN00039,CUST4620,47844.83,Maiduguri,Web,2024-09-02 05:17:15,Airtel,DEV725,0,23,0,1
TXN00354,CUST1299,285299.65,Abuja,Web,2024-11-16 00:00:45,DSTV,DEV469,0,10,0,0
TXN00313,CUST6029,299132.09,Benin City,USSD,2024-09-15 18:15:38,DSTV,DEV254,0,14,0,0
TXN00224,CUST6845,92120.48,Jos,USSD,2024-11-09 18:46:57,GTBank,DEV280,0,13,0,0
TXN00043,CUST1687,284082.43,Maiduguri,USSD,2024-02-07 20:03:04,Airtel,DEV380,0,32,0,1
TXN00925,CUST3661,467431.35,Jos,POS,2024-08-02 01:41:58,DSTV,DEV655,1,22,0,0
TXN00201,CUST4145,64851.03,Maiduguri,POS,2024-07-20 21:28:00,Airtel,DEV224,0,40,0,0
TXN00453,CUST4818,60220.89,Port Harcourt,ATM,2024-09-15 07:40:19,Jumia,DEV388,0,50,0,0
TXN00243,CUST3012,149363.53,Jos,USSD,2024-06-22 11:24:35,GTBank,DEV501,0,38,0,0
TXN00216,CUST8090,238272.5,Kaduna,POS,2024-04-12 19:30:05,Konga,DEV425,0,7,0,0
TXN00185,CUST9089,234468.78,Kaduna,Mobile App,2024-09-11 18:30:50,Ebeano,DEV539,0,28,0,0
TXN00138,CUST1424,339302.85,Jos,USSD,2024-07-02 14:45:08,Konga,DEV660,0,28,1,0
